0711100,"Coffee, Green",VM,"Vietnam",1960,1960,00,029,"Arabica Production",02,"(1000 60 KG BAGS)",3.0000
0711100,"Coffee, Green",VM,"Vietnam",1960,1960,00,090,"Bean Exports",02,"(1000 60 KG BAGS)",40.0000
0711100,"Coffee, Green",VM,"Vietnam",1960,1960,00,058,"Bean Imports",02,"(1000 60 KG BAGS)",0.0000
0711100,"Coffee, Green",VM,"Vietnam",1960,1960,00,020,"Beginning Stocks",02,"(1000 60 KG BAGS)",0.0000
0711100,"Coffee, Green",VM,"Vietnam",1960,1960,00,125,"Domestic Consumption",02,"(1000 60 KG BAGS)",36.0000
0711100,"Coffee, Green",VM,"Vietnam",1960,1960,00,176,"Ending Stocks",02,"(1000 60 KG BAGS)",0.0000
0711100,"Coffee, Green",VM,"Vietnam",1960,1960,00,088,"Exports",02,"(1000 60 KG BAGS)",40.0000
0711100,"Coffee, Green",VM,"Vietnam",1960,1960,00,057,"Imports",02,"(1000 60 KG BAGS)",0.0000
0711100,"Coffee, Green",VM,"Vietnam",1960,1960,00,056,"Other Production",02,"(1000 60 KG BAGS)",23.0000
0711100,"Coffee, Green",VM,"Vietnam",1960,1960,00,028,"Production",02,"(1000 60 KG BAGS)",76.0000
0711100,"Coffee, Green",VM,"Vietnam",1960,1960,00,107,"Roast & Ground Exports",02,"(1000 60 KG BAGS)",0.0000
0711100,"Coffee, Green",VM,"Vietnam",1960,1960,00,075,"Roast & Ground Imports",02,"(1000 60 KG BAGS)",0.0000
0711100,"Coffee, Green",VM,"Vietnam",1960,1960,00,053,"Robusta Production",02,"(1000 60 KG BAGS)",50.0000
0711100,"Coffee, Green",VM,"Vietnam",1960,1960,00,141,"Rst,Ground Dom. Consum",02,"(1000 60 KG BAGS)",36.0000
0711100,"Coffee, Green",VM,"Vietnam",1960,1960,00,154,"Soluble Dom. Cons.",02,"(1000 60 KG BAGS)",0.0000
0711100,"Coffee, Green",VM,"Vietnam",1960,1960,00,114,"Soluble Exports",02,"(1000 60 KG BAGS)",0.0000
0711100,"Coffee, Green",VM,"Vietnam",1960,1960,00,082,"Soluble Imports",02,"(1000 60 KG BAGS)",0.0000
0711100,"Coffee, Green",VM,"Vietnam",1960,1960,00,178,"Total Distribution",02,"(1000 60 KG BAGS)",76.0000
0711100,"Coffee, Green",VM,"Vietnam",1960,1960,00,086,"Total Supply",02,"(1000 60 KG BAGS)",76.0000
0711100,"Coffee, Green",VM,"Vietnam",1961,1961,00,029,"Arabica Production",02,"(1000 60 KG BAGS)",2.0000
0711100,"Coffee, Green",VM,"Vietnam",1961,1961,00,090,"Bean Exports",02,"(1000 60 KG BAGS)",30.0000
0711100,"Coffee, Green",VM,"Vietnam",1961,1961,00,058,"Bean Imports",02,"(1000 60 KG BAGS)",0.0000
0711100,"Coffee, Green",VM,"Vietnam",1961,1961,00,020,"Beginning Stocks",02,"(1000 60 KG BAGS)",0.0000
0711100,"Coffee, Green",VM,"Vietnam",1961,1961,00,125,"Domestic Consumption",02,"(1000 60 KG BAGS)",36.0000
0711100,"Coffee, Green",VM,"Vietnam",1961,1961,00,176,"Ending Stocks",02,"(1000 60 KG BAGS)",0.0000
0711100,"Coffee, Green",VM,"Vietnam",1961,1961,00,088,"Exports",02,"(1000 60 KG BAGS)",30.0000
0711100,"Coffee, Green",VM,"Vietnam",1961,1961,00,057,"Imports",02,"(1000 60 KG BAGS)",0.0000
0711100,"Coffee, Green",VM,"Vietnam",1961,1961,00,056,"Other Production",02,"(1000 60 KG BAGS)",20.0000
0711100,"Coffee, Green",VM,"Vietnam",1961,1961,00,028,"Production",02,"(1000 60 KG BAGS)",66.0000
0711100,"Coffee, Green",VM,"Vietnam",1961,1961,00,107,"Roast & Ground Exports",02,"(1000 60 KG BAGS)",0.0000
0711100,"Coffee, Green",VM,"Vietnam",1961,1961,00,075,"Roast & Ground Imports",02,"(1000 60 KG BAGS)",0.0000
0711100,"Coffee, Green",VM,"Vietnam",1961,1961,00,053,"Robusta Production",02,"(1000 60 KG BAGS)",44.0000
0711100,"Coffee, Green",VM,"Vietnam",1961,1961,00,141,"Rst,Ground Dom. Consum",02,"(1000 60 KG BAGS)",36.0000
0711100,"Coffee, Green",VM,"Vietnam",1961,1961,00,154,"Soluble Dom. Cons.",02,"(1000 60 KG BAGS)",0.0000
0711100,"Coffee, Green",VM,"Vietnam",1961,1961,00,114,"Soluble Exports",02,"(1000 60 KG BAGS)",0.0000
0711100,"Coffee, Green",VM,"Vietnam",1961,1961,00,082,"Soluble Imports",02,"(1000 60 KG BAGS)",0.0000
0711100,"Coffee, Green",VM,"Vietnam",1961,1961,00,178,"Total Distribution",02,"(1000 60 KG BAGS)",66.0000
0711100,"Coffee, Green",VM,"Vietnam",1961,1961,00,086,"Total Supply",02,"(1000 60 KG BAGS)",66.0000
0711100,"Coffee, Green",VM,"Vietnam",1962,1962,00,029,"Arabica Production",02,"(1000 60 KG BAGS)",2.0000
0711100,"Coffee, Green",VM,"Vietnam",1962,1962,00,090,"Bean Exports",02,"(1000 60 KG BAGS)",30.0000
0711100,"Coffee, Green",VM,"Vietnam",1962,1962,00,058,"Bean Imports",02,"(1000 60 KG BAGS)",0.0000
0711100,"Coffee, Green",VM,"Vietnam",1962,1962,00,020,"Beginning Stocks",02,"(1000 60 KG BAGS)",0.0000
0711100,"Coffee, Green",VM,"Vietnam",1962,1962,00,125,"Domestic Consumption",02,"(1000 60 KG BAGS)",36.0000
0711100,"Coffee, Green",VM,"Vietnam",1962,1962,00,176,"Ending Stocks",02,"(1000 60 KG BAGS)",0.0000
0711100,"Coffee, Green",VM,"Vietnam",1962,1962,00,088,"Exports",02,"(1000 60 KG BAGS)",30.0000
0711100,"Coffee, Green",VM,"Vietnam",1962,1962,00,057,"Imports",02,"(1000 60 KG BAGS)",0.0000
0711100,"Coffee, Green",VM,"Vietnam",1962,1962,00,056,"Other Production",02,"(1000 60 KG BAGS)",20.0000
0711100,"Coffee, Green",VM,"Vietnam",1962,1962,00,028,"Production",02,"(1000 60 KG BAGS)",66.0000
0711100,"Coffee, Green",VM,"Vietnam",1962,1962,00,107,"Roast & Ground Exports",02,"(1000 60 KG BAGS)",0.0000
0711100,"Coffee, Green",VM,"Vietnam",1962,1962,00,075,"Roast & Ground Imports",02,"(1000 60 KG BAGS)",0.0000
0711100,"Coffee, Green",VM,"Vietnam",1962,1962,00,053,"Robusta Production",02,"(1000 60 KG BAGS)",44.0000
0711100,"Coffee, Green",VM,"Vietnam",1962,1962,00,141,"Rst,Ground Dom. Consum",02,"(1000 60 KG BAGS)",36.0000
0711100,"Coffee, Green",VM,"Vietnam",1962,1962,00,154,"Soluble Dom. Cons.",02,"(1000 60 KG BAGS)",0.0000
0711100,"Coffee, Green",VM,"Vietnam",1962,1962,00,114,"Soluble Exports",02,"(1000 60 KG BAGS)",0.0000
0711100,"Coffee, Green",VM,"Vietnam",1962,1962,00,082,"Soluble Imports",02,"(1000 60 KG BAGS)",0.0000
0711100,"Coffee, Green",VM,"Vietnam",1962,1962,00,178,"Total Distribution",02,"(1000 60 KG BAGS)",66.0000
0711100,"Coffee, Green",VM,"Vietnam",1962,1962,00,086,"Total Supply",02,"(1000 60 KG BAGS)",66.0000
0711100,"Coffee, Green",VM,"Vietnam",1963,1963,00,029,"Arabica Production",02,"(1000 60 KG BAGS)",2.0000
0711100,"Coffee, Green",VM,"Vietnam",1963,1963,00,090,"Bean Exports",02,"(1000 60 KG BAGS)",25.0000
0711100,"Coffee, Green",VM,"Vietnam",1963,1963,00,058,"Bean Imports",02,"(1000 60 KG BAGS)",0.0000
0711100,"Coffee, Green",VM,"Vietnam",1963,1963,00,020,"Beginning Stocks",02,"(1000 60 KG BAGS)",0.0000
0711100,"Coffee, Green",VM,"Vietnam",1963,1963,00,125,"Domestic Consumption",02,"(1000 60 KG BAGS)",35.0000
0711100,"Coffee, Green",VM,"Vietnam",1963,1963,00,176,"Ending Stocks",02,"(1000 60 KG BAGS)",0.0000
0711100,"Coffee, Green",VM,"Vietnam",1963,1963,00,088,"Exports",02,"(1000 60 KG BAGS)",25.0000
0711100,"Coffee, Green",VM,"Vietnam",1963,1963,00,057,"Imports",02,"(1000 60 KG BAGS)",0.0000
0711100,"Coffee, Green",VM,"Vietnam",1963,1963,00,056,"Other Production",02,"(1000 60 KG BAGS)",18.0000
0711100,"Coffee, Green",VM,"Vietnam",1963,1963,00,028,"Production",02,"(1000 60 KG BAGS)",60.0000
0711100,"Coffee, Green",VM,"Vietnam",1963,1963,00,107,"Roast & Ground Exports",02,"(1000 60 KG BAGS)",0.0000
0711100,"Coffee, Green",VM,"Vietnam",1963,1963,00,075,"Roast & Ground Imports",02,"(1000 60 KG BAGS)",0.0000
0711100,"Coffee, Green",VM,"Vietnam",1963,1963,00,053,"Robusta Production",02,"(1000 60 KG BAGS)",40.0000
0711100,"Coffee, Green",VM,"Vietnam",1963,1963,00,141,"Rst,Ground Dom. Consum",02,"(1000 60 KG BAGS)",35.0000
0711100,"Coffee, Green",VM,"Vietnam",1963,1963,00,154,"Soluble Dom. Cons.",02,"(1000 60 KG BAGS)",0.0000
0711100,"Coffee, Green",VM,"Vietnam",1963,1963,00,114,"Soluble Exports",02,"(1000 60 KG BAGS)",0.0000
0711100,"Coffee, Green",VM,"Vietnam",1963,1963,00,082,"Soluble Imports",02,"(1000 60 KG BAGS)",0.0000
0711100,"Coffee, Green",VM,"Vietnam",1963,1963,00,178,"Total Distribution",02,"(1000 60 KG BAGS)",60.0000
0711100,"Coffee, Green",VM,"Vietnam",1963,1963,00,086,"Total Supply",02,"(1000 60 KG BAGS)",60.0000
0711100,"Coffee, Green",VM,"Vietnam",1964,1964,00,029,"Arabica Production",02,"(1000 60 KG BAGS)",2.0000
0711100,"Coffee, Green",VM,"Vietnam",1964,1964,00,090,"Bean Exports",02,"(1000 60 KG BAGS)",30.0000
0711100,"Coffee, Green",VM,"Vietnam",1964,1964,00,058,"Bean Imports",02,"(1000 60 KG BAGS)",0.0000
0711100,"Coffee, Green",VM,"Vietnam",1964,1964,00,020,"Beginning Stocks",02,"(1000 60 KG BAGS)",0.0000
0711100,"Coffee, Green",VM,"Vietnam",1964,1964,00,125,"Domestic Consumption",02,"(1000 60 KG BAGS)",36.0000
0711100,"Coffee, Green",VM,"Vietnam",1964,1964,00,176,"Ending Stocks",02,"(1000 60 KG BAGS)",0.0000
0711100,"Coffee, Green",VM,"Vietnam",1964,1964,00,088,"Exports",02,"(1000 60 KG BAGS)",30.0000
0711100,"Coffee, Green",VM,"Vietnam",1964,1964,00,057,"Imports",02,"(1000 60 KG BAGS)",0.0000
0711100,"Coffee, Green",VM,"Vietnam",1964,1964,00,056,"Other Production",02,"(1000 60 KG BAGS)",20.0000
0711100,"Coffee, Green",VM,"Vietnam",1964,1964,00,028,"Production",02,"(1000 60 KG BAGS)",66.0000
0711100,"Coffee, Green",VM,"Vietnam",1964,1964,00,107,"Roast & Ground Exports",02,"(1000 60 KG BAGS)",0.0000
0711100,"Coffee, Green",VM,"Vietnam",1964,1964,00,075,"Roast & Ground Imports",02,"(1000 60 KG BAGS)",0.0000
0711100,"Coffee, Green",VM,"Vietnam",1964,1964,00,053,"Robusta Production",02,"(1000 60 KG BAGS)",44.0000
0711100,"Coffee, Green",VM,"Vietnam",1964,1964,00,141,"Rst,Ground Dom. Consum",02,"(1000 60 KG BAGS)",36.0000
0711100,"Coffee, Green",VM,"Vietnam",1964,1964,00,154,"Soluble Dom. Cons.",02,"(1000 60 KG BAGS)",0.0000
0711100,"Coffee, Green",VM,"Vietnam",1964,1964,00,114,"Soluble Exports",02,"(1000 60 KG BAGS)",0.0000
0711100,"Coffee, Green",VM,"Vietnam",1964,1964,00,082,"Soluble Imports",02,"(1000 60 KG BAGS)",0.0000
0711100,"Coffee, Green",VM,"Vietnam",1964,1964,00,178,"Total Distribution",02,"(1000 60 KG BAGS)",66.0000
0711100,"Coffee, Green",VM,"Vietnam",1964,1964,00,086,"Total Supply",02,"(1000 60 KG BAGS)",66.0000
0711100,"Coffee, Green",VM,"Vietnam",1965,1965,00,029,"Arabica Production",02,"(1000 60 KG BAGS)",3.0000
0711100,"Coffee, Green",VM,"Vietnam",1965,1965,00,090,"Bean Exports",02,"(1000 60 KG BAGS)",40.0000
0711100,"Coffee, Green",VM,"Vietnam",1965,1965,00,058,"Bean Imports",02,"(1000 60 KG BAGS)",0.0000
0711100,"Coffee, Green",VM,"Vietnam",1965,1965,00,020,"Beginning Stocks",02,"(1000 60 KG BAGS)",0.0000
0711100,"Coffee, Green",VM,"Vietnam",1965,1965,00,125,"Domestic Consumption",02,"(1000 60 KG BAGS)",36.0000
0711100,"Coffee, Green",VM,"Vietnam",1965,1965,00,176,"Ending Stocks",02,"(1000 60 KG BAGS)",0.0000
0711100,"Coffee, Green",VM,"Vietnam",1965,1965,00,088,"Exports",02,"(1000 60 KG BAGS)",40.0000
0711100,"Coffee, Green",VM,"Vietnam",1965,1965,00,057,"Imports",02,"(1000 60 KG BAGS)",0.0000
0711100,"Coffee, Green",VM,"Vietnam",1965,1965,00,056,"Other Production",02,"(1000 60 KG BAGS)",23.0000
0711100,"Coffee, Green",VM,"Vietnam",1965,1965,00,028,"Production",02,"(1000 60 KG BAGS)",76.0000
0711100,"Coffee, Green",VM,"Vietnam",1965,1965,00,107,"Roast & Ground Exports",02,"(1000 60 KG BAGS)",0.0000
0711100,"Coffee, Green",VM,"Vietnam",1965,1965,00,075,"Roast & Ground Imports",02,"(1000 60 KG BAGS)",0.0000
0711100,"Coffee, Green",VM,"Vietnam",1965,1965,00,053,"Robusta Production",02,"(1000 60 KG BAGS)",50.0000
0711100,"Coffee, Green",VM,"Vietnam",1965,1965,00,141,"Rst,Ground Dom. Consum",02,"(1000 60 KG BAGS)",36.0000
0711100,"Coffee, Green",VM,"Vietnam",1965,1965,00,154,"Soluble Dom. Cons.",02,"(1000 60 KG BAGS)",0.0000
0711100,"Coffee, Green",VM,"Vietnam",1965,1965,00,114,"Soluble Exports",02,"(1000 60 KG BAGS)",0.0000
0711100,"Coffee, Green",VM,"Vietnam",1965,1965,00,082,"Soluble Imports",02,"(1000 60 KG BAGS)",0.0000
0711100,"Coffee, Green",VM,"Vietnam",1965,1965,00,178,"Total Distribution",02,"(1000 60 KG BAGS)",76.0000
0711100,"Coffee, Green",VM,"Vietnam",1965,1965,00,086,"Total Supply",02,"(1000 60 KG BAGS)",76.0000
0711100,"Coffee, Green",VM,"Vietnam",1966,1966,00,029,"Arabica Production",02,"(1000 60 KG BAGS)",3.0000
0711100,"Coffee, Green",VM,"Vietnam",1966,1966,00,090,"Bean Exports",02,"(1000 60 KG BAGS)",50.0000
0711100,"Coffee, Green",VM,"Vietnam",1966,1966,00,058,"Bean Imports",02,"(1000 60 KG BAGS)",0.0000
0711100,"Coffee, Green",VM,"Vietnam",1966,1966,00,020,"Beginning Stocks",02,"(1000 60 KG BAGS)",0.0000
0711100,"Coffee, Green",VM,"Vietnam",1966,1966,00,125,"Domestic Consumption",02,"(1000 60 KG BAGS)",36.0000
0711100,"Coffee, Green",VM,"Vietnam",1966,1966,00,176,"Ending Stocks",02,"(1000 60 KG BAGS)",0.0000
0711100,"Coffee, Green",VM,"Vietnam",1966,1966,00,088,"Exports",02,"(1000 60 KG BAGS)",50.0000
0711100,"Coffee, Green",VM,"Vietnam",1966,1966,00,057,"Imports",02,"(1000 60 KG BAGS)",0.0000
0711100,"Coffee, Green",VM,"Vietnam",1966,1966,00,056,"Other Production",02,"(1000 60 KG BAGS)",26.0000
0711100,"Coffee, Green",VM,"Vietnam",1966,1966,00,028,"Production",02,"(1000 60 KG BAGS)",86.0000
0711100,"Coffee, Green",VM,"Vietnam",1966,1966,00,107,"Roast & Ground Exports",02,"(1000 60 KG BAGS)",0.0000
0711100,"Coffee, Green",VM,"Vietnam",1966,1966,00,075,"Roast & Ground Imports",02,"(1000 60 KG BAGS)",0.0000
0711100,"Coffee, Green",VM,"Vietnam",1966,1966,00,053,"Robusta Production",02,"(1000 60 KG BAGS)",57.0000
0711100,"Coffee, Green",VM,"Vietnam",1966,1966,00,141,"Rst,Ground Dom. Consum",02,"(1000 60 KG BAGS)",36.0000
0711100,"Coffee, Green",VM,"Vietnam",1966,1966,00,154,"Soluble Dom. Cons.",02,"(1000 60 KG BAGS)",0.0000
0711100,"Coffee, Green",VM,"Vietnam",1966,1966,00,114,"Soluble Exports",02,"(1000 60 KG BAGS)",0.0000
0711100,"Coffee, Green",VM,"Vietnam",1966,1966,00,082,"Soluble Imports",02,"(1000 60 KG BAGS)",0.0000
0711100,"Coffee, Green",VM,"Vietnam",1966,1966,00,178,"Total Distribution",02,"(1000 60 KG BAGS)",86.0000
0711100,"Coffee, Green",VM,"Vietnam",1966,1966,00,086,"Total Supply",02,"(1000 60 KG BAGS)",86.0000
0711100,"Coffee, Green",VM,"Vietnam",1967,1967,00,029,"Arabica Production",02,"(1000 60 KG BAGS)",2.0000
0711100,"Coffee, Green",VM,"Vietnam",1967,1967,00,090,"Bean Exports",02,"(1000 60 KG BAGS)",30.0000
0711100,"Coffee, Green",VM,"Vietnam",1967,1967,00,058,"Bean Imports",02,"(1000 60 KG BAGS)",0.0000
0711100,"Coffee, Green",VM,"Vietnam",1967,1967,00,020,"Beginning Stocks",02,"(1000 60 KG BAGS)",0.0000
0711100,"Coffee, Green",VM,"Vietnam",1967,1967,00,125,"Domestic Consumption",02,"(1000 60 KG BAGS)",36.0000
0711100,"Coffee, Green",VM,"Vietnam",1967,1967,00,176,"Ending Stocks",02,"(1000 60 KG BAGS)",0.0000
0711100,"Coffee, Green",VM,"Vietnam",1967,1967,00,088,"Exports",02,"(1000 60 KG BAGS)",30.0000
0711100,"Coffee, Green",VM,"Vietnam",1967,1967,00,057,"Imports",02,"(1000 60 KG BAGS)",0.0000
0711100,"Coffee, Green",VM,"Vietnam",1967,1967,00,056,"Other Production",02,"(1000 60 KG BAGS)",20.0000
0711100,"Coffee, Green",VM,"Vietnam",1967,1967,00,028,"Production",02,"(1000 60 KG BAGS)",66.0000
0711100,"Coffee, Green",VM,"Vietnam",1967,1967,00,107,"Roast & Ground Exports",02,"(1000 60 KG BAGS)",0.0000
0711100,"Coffee, Green",VM,"Vietnam",1967,1967,00,075,"Roast & Ground Imports",02,"(1000 60 KG BAGS)",0.0000
0711100,"Coffee, Green",VM,"Vietnam",1967,1967,00,053,"Robusta Production",02,"(1000 60 KG BAGS)",44.0000
0711100,"Coffee, Green",VM,"Vietnam",1967,1967,00,141,"Rst,Ground Dom. Consum",02,"(1000 60 KG BAGS)",36.0000
0711100,"Coffee, Green",VM,"Vietnam",1967,1967,00,154,"Soluble Dom. Cons.",02,"(1000 60 KG BAGS)",0.0000
0711100,"Coffee, Green",VM,"Vietnam",1967,1967,00,114,"Soluble Exports",02,"(1000 60 KG BAGS)",0.0000
0711100,"Coffee, Green",VM,"Vietnam",1967,1967,00,082,"Soluble Imports",02,"(1000 60 KG BAGS)",0.0000
0711100,"Coffee, Green",VM,"Vietnam",1967,1967,00,178,"Total Distribution",02,"(1000 60 KG BAGS)",66.0000
0711100,"Coffee, Green",VM,"Vietnam",1967,1967,00,086,"Total Supply",02,"(1000 60 KG BAGS)",66.0000
0711100,"Coffee, Green",VM,"Vietnam",1968,1968,00,029,"Arabica Production",02,"(1000 60 KG BAGS)",2.0000
0711100,"Coffee, Green",VM,"Vietnam",1968,1968,00,090,"Bean Exports",02,"(1000 60 KG BAGS)",30.0000
0711100,"Coffee, Green",VM,"Vietnam",1968,1968,00,058,"Bean Imports",02,"(1000 60 KG BAGS)",0.0000
0711100,"Coffee, Green",VM,"Vietnam",1968,1968,00,020,"Beginning Stocks",02,"(1000 60 KG BAGS)",0.0000
0711100,"Coffee, Green",VM,"Vietnam",1968,1968,00,125,"Domestic Consumption",02,"(1000 60 KG BAGS)",36.0000
0711100,"Coffee, Green",VM,"Vietnam",1968,1968,00,176,"Ending Stocks",02,"(1000 60 KG BAGS)",0.0000
0711100,"Coffee, Green",VM,"Vietnam",1968,1968,00,088,"Exports",02,"(1000 60 KG BAGS)",30.0000
0711100,"Coffee, Green",VM,"Vietnam",1968,1968,00,057,"Imports",02,"(1000 60 KG BAGS)",0.0000
0711100,"Coffee, Green",VM,"Vietnam",1968,1968,00,056,"Other Production",02,"(1000 60 KG BAGS)",20.0000
0711100,"Coffee, Green",VM,"Vietnam",1968,1968,00,028,"Production",02,"(1000 60 KG BAGS)",66.0000
0711100,"Coffee, Green",VM,"Vietnam",1968,1968,00,107,"Roast & Ground Exports",02,"(1000 60 KG BAGS)",0.0000
0711100,"Coffee, Green",VM,"Vietnam",1968,1968,00,075,"Roast & Ground Imports",02,"(1000 60 KG BAGS)",0.0000
0711100,"Coffee, Green",VM,"Vietnam",1968,1968,00,053,"Robusta Production",02,"(1000 60 KG BAGS)",44.0000
0711100,"Coffee, Green",VM,"Vietnam",1968,1968,00,141,"Rst,Ground Dom. Consum",02,"(1000 60 KG BAGS)",36.0000
0711100,"Coffee, Green",VM,"Vietnam",1968,1968,00,154,"Soluble Dom. Cons.",02,"(1000 60 KG BAGS)",0.0000
0711100,"Coffee, Green",VM,"Vietnam",1968,1968,00,114,"Soluble Exports",02,"(1000 60 KG BAGS)",0.0000
0711100,"Coffee, Green",VM,"Vietnam",1968,1968,00,082,"Soluble Imports",02,"(1000 60 KG BAGS)",0.0000
0711100,"Coffee, Green",VM,"Vietnam",1968,1968,00,178,"Total Distribution",02,"(1000 60 KG BAGS)",66.0000
0711100,"Coffee, Green",VM,"Vietnam",1968,1968,00,086,"Total Supply",02,"(1000 60 KG BAGS)",66.0000
0711100,"Coffee, Green",VM,"Vietnam",1969,1969,00,029,"Arabica Production",02,"(1000 60 KG BAGS)",2.0000
0711100,"Coffee, Green",VM,"Vietnam",1969,1969,00,090,"Bean Exports",02,"(1000 60 KG BAGS)",30.0000
0711100,"Coffee, Green",VM,"Vietnam",1969,1969,00,058,"Bean Imports",02,"(1000 60 KG BAGS)",0.0000
0711100,"Coffee, Green",VM,"Vietnam",1969,1969,00,020,"Beginning Stocks",02,"(1000 60 KG BAGS)",0.0000
0711100,"Coffee, Green",VM,"Vietnam",1969,1969,00,125,"Domestic Consumption",02,"(1000 60 KG BAGS)",36.0000
0711100,"Coffee, Green",VM,"Vietnam",1969,1969,00,176,"Ending Stocks",02,"(1000 60 KG BAGS)",0.0000
0711100,"Coffee, Green",VM,"Vietnam",1969,1969,00,088,"Exports",02,"(1000 60 KG BAGS)",30.0000
0711100,"Coffee, Green",VM,"Vietnam",1969,1969,00,057,"Imports",02,"(1000 60 KG BAGS)",0.0000
0711100,"Coffee, Green",VM,"Vietnam",1969,1969,00,056,"Other Production",02,"(1000 60 KG BAGS)",20.0000
0711100,"Coffee, Green",VM,"Vietnam",1969,1969,00,028,"Production",02,"(1000 60 KG BAGS)",66.0000
0711100,"Coffee, Green",VM,"Vietnam",1969,1969,00,107,"Roast & Ground Exports",02,"(1000 60 KG BAGS)",0.0000
0711100,"Coffee, Green",VM,"Vietnam",1969,1969,00,075,"Roast & Ground Imports",02,"(1000 60 KG BAGS)",0.0000
0711100,"Coffee, Green",VM,"Vietnam",1969,1969,00,053,"Robusta Production",02,"(1000 60 KG BAGS)",44.0000
0711100,"Coffee, Green",VM,"Vietnam",1969,1969,00,141,"Rst,Ground Dom. Consum",02,"(1000 60 KG BAGS)",36.0000
0711100,"Coffee, Green",VM,"Vietnam",1969,1969,00,154,"Soluble Dom. Cons.",02,"(1000 60 KG BAGS)",0.0000
0711100,"Coffee, Green",VM,"Vietnam",1969,1969,00,114,"Soluble Exports",02,"(1000 60 KG BAGS)",0.0000
0711100,"Coffee, Green",VM,"Vietnam",1969,1969,00,082,"Soluble Imports",02,"(1000 60 KG BAGS)",0.0000
0711100,"Coffee, Green",VM,"Vietnam",1969,1969,00,178,"Total Distribution",02,"(1000 60 KG BAGS)",66.0000
0711100,"Coffee, Green",VM,"Vietnam",1969,1969,00,086,"Total Supply",02,"(1000 60 KG BAGS)",66.0000
0711100,"Coffee, Green",VM,"Vietnam",1970,1970,00,029,"Arabica Production",02,"(1000 60 KG BAGS)",2.0000
0711100,"Coffee, Green",VM,"Vietnam",1970,1970,00,090,"Bean Exports",02,"(1000 60 KG BAGS)",25.0000
0711100,"Coffee, Green",VM,"Vietnam",1970,1970,00,058,"Bean Imports",02,"(1000 60 KG BAGS)",0.0000
0711100,"Coffee, Green",VM,"Vietnam",1970,1970,00,020,"Beginning Stocks",02,"(1000 60 KG BAGS)",0.0000
0711100,"Coffee, Green",VM,"Vietnam",1970,1970,00,125,"Domestic Consumption",02,"(1000 60 KG BAGS)",31.0000
0711100,"Coffee, Green",VM,"Vietnam",1970,1970,00,176,"Ending Stocks",02,"(1000 60 KG BAGS)",0.0000
0711100,"Coffee, Green",VM,"Vietnam",1970,1970,00,088,"Exports",02,"(1000 60 KG BAGS)",25.0000
0711100,"Coffee, Green",VM,"Vietnam",1970,1970,00,057,"Imports",02,"(1000 60 KG BAGS)",0.0000
0711100,"Coffee, Green",VM,"Vietnam",1970,1970,00,056,"Other Production",02,"(1000 60 KG BAGS)",17.0000
0711100,"Coffee, Green",VM,"Vietnam",1970,1970,00,028,"Production",02,"(1000 60 KG BAGS)",56.0000
0711100,"Coffee, Green",VM,"Vietnam",1970,1970,00,107,"Roast & Ground Exports",02,"(1000 60 KG BAGS)",0.0000
0711100,"Coffee, Green",VM,"Vietnam",1970,1970,00,075,"Roast & Ground Imports",02,"(1000 60 KG BAGS)",0.0000
0711100,"Coffee, Green",VM,"Vietnam",1970,1970,00,053,"Robusta Production",02,"(1000 60 KG BAGS)",37.0000
0711100,"Coffee, Green",VM,"Vietnam",1970,1970,00,141,"Rst,Ground Dom. Consum",02,"(1000 60 KG BAGS)",31.0000
0711100,"Coffee, Green",VM,"Vietnam",1970,1970,00,154,"Soluble Dom. Cons.",02,"(1000 60 KG BAGS)",0.0000
0711100,"Coffee, Green",VM,"Vietnam",1970,1970,00,114,"Soluble Exports",02,"(1000 60 KG BAGS)",0.0000
0711100,"Coffee, Green",VM,"Vietnam",1970,1970,00,082,"Soluble Imports",02,"(1000 60 KG BAGS)",0.0000
0711100,"Coffee, Green",VM,"Vietnam",1970,1970,00,178,"Total Distribution",02,"(1000 60 KG BAGS)",56.0000
0711100,"Coffee, Green",VM,"Vietnam",1970,1970,00,086,"Total Supply",02,"(1000 60 KG BAGS)",56.0000
0711100,"Coffee, Green",VM,"Vietnam",1971,1971,00,029,"Arabica Production",02,"(1000 60 KG BAGS)",2.0000
0711100,"Coffee, Green",VM,"Vietnam",1971,1971,00,090,"Bean Exports",02,"(1000 60 KG BAGS)",20.0000
0711100,"Coffee, Green",VM,"Vietnam",1971,1971,00,058,"Bean Imports",02,"(1000 60 KG BAGS)",0.0000
0711100,"Coffee, Green",VM,"Vietnam",1971,1971,00,020,"Beginning Stocks",02,"(1000 60 KG BAGS)",0.0000
0711100,"Coffee, Green",VM,"Vietnam",1971,1971,00,125,"Domestic Consumption",02,"(1000 60 KG BAGS)",31.0000
0711100,"Coffee, Green",VM,"Vietnam",1971,1971,00,176,"Ending Stocks",02,"(1000 60 KG BAGS)",0.0000
0711100,"Coffee, Green",VM,"Vietnam",1971,1971,00,088,"Exports",02,"(1000 60 KG BAGS)",20.0000
0711100,"Coffee, Green",VM,"Vietnam",1971,1971,00,057,"Imports",02,"(1000 60 KG BAGS)",0.0000
0711100,"Coffee, Green",VM,"Vietnam",1971,1971,00,056,"Other Production",02,"(1000 60 KG BAGS)",15.0000
0711100,"Coffee, Green",VM,"Vietnam",1971,1971,00,028,"Production",02,"(1000 60 KG BAGS)",51.0000
0711100,"Coffee, Green",VM,"Vietnam",1971,1971,00,107,"Roast & Ground Exports",02,"(1000 60 KG BAGS)",0.0000
0711100,"Coffee, Green",VM,"Vietnam",1971,1971,00,075,"Roast & Ground Imports",02,"(1000 60 KG BAGS)",0.0000
0711100,"Coffee, Green",VM,"Vietnam",1971,1971,00,053,"Robusta Production",02,"(1000 60 KG BAGS)",34.0000
0711100,"Coffee, Green",VM,"Vietnam",1971,1971,00,141,"Rst,Ground Dom. Consum",02,"(1000 60 KG BAGS)",31.0000
0711100,"Coffee, Green",VM,"Vietnam",1971,1971,00,154,"Soluble Dom. Cons.",02,"(1000 60 KG BAGS)",0.0000
0711100,"Coffee, Green",VM,"Vietnam",1971,1971,00,114,"Soluble Exports",02,"(1000 60 KG BAGS)",0.0000
0711100,"Coffee, Green",VM,"Vietnam",1971,1971,00,082,"Soluble Imports",02,"(1000 60 KG BAGS)",0.0000
0711100,"Coffee, Green",VM,"Vietnam",1971,1971,00,178,"Total Distribution",02,"(1000 60 KG BAGS)",51.0000
0711100,"Coffee, Green",VM,"Vietnam",1971,1971,00,086,"Total Supply",02,"(1000 60 KG BAGS)",51.0000
0711100,"Coffee, Green",VM,"Vietnam",1972,1972,00,029,"Arabica Production",02,"(1000 60 KG BAGS)",2.0000
0711100,"Coffee, Green",VM,"Vietnam",1972,1972,00,090,"Bean Exports",02,"(1000 60 KG BAGS)",25.0000
0711100,"Coffee, Green",VM,"Vietnam",1972,1972,00,058,"Bean Imports",02,"(1000 60 KG BAGS)",0.0000
0711100,"Coffee, Green",VM,"Vietnam",1972,1972,00,020,"Beginning Stocks",02,"(1000 60 KG BAGS)",0.0000
0711100,"Coffee, Green",VM,"Vietnam",1972,1972,00,125,"Domestic Consumption",02,"(1000 60 KG BAGS)",31.0000
0711100,"Coffee, Green",VM,"Vietnam",1972,1972,00,176,"Ending Stocks",02,"(1000 60 KG BAGS)",0.0000
0711100,"Coffee, Green",VM,"Vietnam",1972,1972,00,088,"Exports",02,"(1000 60 KG BAGS)",25.0000
0711100,"Coffee, Green",VM,"Vietnam",1972,1972,00,057,"Imports",02,"(1000 60 KG BAGS)",0.0000
0711100,"Coffee, Green",VM,"Vietnam",1972,1972,00,056,"Other Production",02,"(1000 60 KG BAGS)",17.0000
0711100,"Coffee, Green",VM,"Vietnam",1972,1972,00,028,"Production",02,"(1000 60 KG BAGS)",56.0000
0711100,"Coffee, Green",VM,"Vietnam",1972,1972,00,107,"Roast & Ground Exports",02,"(1000 60 KG BAGS)",0.0000
0711100,"Coffee, Green",VM,"Vietnam",1972,1972,00,075,"Roast & Ground Imports",02,"(1000 60 KG BAGS)",0.0000
0711100,"Coffee, Green",VM,"Vietnam",1972,1972,00,053,"Robusta Production",02,"(1000 60 KG BAGS)",37.0000
0711100,"Coffee, Green",VM,"Vietnam",1972,1972,00,141,"Rst,Ground Dom. Consum",02,"(1000 60 KG BAGS)",31.0000
0711100,"Coffee, Green",VM,"Vietnam",1972,1972,00,154,"Soluble Dom. Cons.",02,"(1000 60 KG BAGS)",0.0000
0711100,"Coffee, Green",VM,"Vietnam",1972,1972,00,114,"Soluble Exports",02,"(1000 60 KG BAGS)",0.0000
0711100,"Coffee, Green",VM,"Vietnam",1972,1972,00,082,"Soluble Imports",02,"(1000 60 KG BAGS)",0.0000
0711100,"Coffee, Green",VM,"Vietnam",1972,1972,00,178,"Total Distribution",02,"(1000 60 KG BAGS)",56.0000
0711100,"Coffee, Green",VM,"Vietnam",1972,1972,00,086,"Total Supply",02,"(1000 60 KG BAGS)",56.0000
0711100,"Coffee, Green",VM,"Vietnam",1973,1973,00,029,"Arabica Production",02,"(1000 60 KG BAGS)",2.0000
0711100,"Coffee, Green",VM,"Vietnam",1973,1973,00,090,"Bean Exports",02,"(1000 60 KG BAGS)",25.0000
0711100,"Coffee, Green",VM,"Vietnam",1973,1973,00,058,"Bean Imports",02,"(1000 60 KG BAGS)",0.0000
0711100,"Coffee, Green",VM,"Vietnam",1973,1973,00,020,"Beginning Stocks",02,"(1000 60 KG BAGS)",0.0000
0711100,"Coffee, Green",VM,"Vietnam",1973,1973,00,125,"Domestic Consumption",02,"(1000 60 KG BAGS)",31.0000
0711100,"Coffee, Green",VM,"Vietnam",1973,1973,00,176,"Ending Stocks",02,"(1000 60 KG BAGS)",0.0000
0711100,"Coffee, Green",VM,"Vietnam",1973,1973,00,088,"Exports",02,"(1000 60 KG BAGS)",25.0000
0711100,"Coffee, Green",VM,"Vietnam",1973,1973,00,057,"Imports",02,"(1000 60 KG BAGS)",0.0000
0711100,"Coffee, Green",VM,"Vietnam",1973,1973,00,056,"Other Production",02,"(1000 60 KG BAGS)",17.0000
0711100,"Coffee, Green",VM,"Vietnam",1973,1973,00,028,"Production",02,"(1000 60 KG BAGS)",56.0000
0711100,"Coffee, Green",VM,"Vietnam",1973,1973,00,107,"Roast & Ground Exports",02,"(1000 60 KG BAGS)",0.0000
0711100,"Coffee, Green",VM,"Vietnam",1973,1973,00,075,"Roast & Ground Imports",02,"(1000 60 KG BAGS)",0.0000
0711100,"Coffee, Green",VM,"Vietnam",1973,1973,00,053,"Robusta Production",02,"(1000 60 KG BAGS)",37.0000
0711100,"Coffee, Green",VM,"Vietnam",1973,1973,00,141,"Rst,Ground Dom. Consum",02,"(1000 60 KG BAGS)",31.0000
0711100,"Coffee, Green",VM,"Vietnam",1973,1973,00,154,"Soluble Dom. Cons.",02,"(1000 60 KG BAGS)",0.0000
0711100,"Coffee, Green",VM,"Vietnam",1973,1973,00,114,"Soluble Exports",02,"(1000 60 KG BAGS)",0.0000
0711100,"Coffee, Green",VM,"Vietnam",1973,1973,00,082,"Soluble Imports",02,"(1000 60 KG BAGS)",0.0000
0711100,"Coffee, Green",VM,"Vietnam",1973,1973,00,178,"Total Distribution",02,"(1000 60 KG BAGS)",56.0000
0711100,"Coffee, Green",VM,"Vietnam",1973,1973,00,086,"Total Supply",02,"(1000 60 KG BAGS)",56.0000
0711100,"Coffee, Green",VM,"Vietnam",1974,1974,00,029,"Arabica Production",02,"(1000 60 KG BAGS)",2.0000
0711100,"Coffee, Green",VM,"Vietnam",1974,1974,00,090,"Bean Exports",02,"(1000 60 KG BAGS)",30.0000
0711100,"Coffee, Green",VM,"Vietnam",1974,1974,00,058,"Bean Imports",02,"(1000 60 KG BAGS)",0.0000
0711100,"Coffee, Green",VM,"Vietnam",1974,1974,00,020,"Beginning Stocks",02,"(1000 60 KG BAGS)",0.0000
0711100,"Coffee, Green",VM,"Vietnam",1974,1974,00,125,"Domestic Consumption",02,"(1000 60 KG BAGS)",30.0000
0711100,"Coffee, Green",VM,"Vietnam",1974,1974,00,176,"Ending Stocks",02,"(1000 60 KG BAGS)",0.0000
0711100,"Coffee, Green",VM,"Vietnam",1974,1974,00,088,"Exports",02,"(1000 60 KG BAGS)",30.0000
0711100,"Coffee, Green",VM,"Vietnam",1974,1974,00,057,"Imports",02,"(1000 60 KG BAGS)",0.0000
0711100,"Coffee, Green",VM,"Vietnam",1974,1974,00,056,"Other Production",02,"(1000 60 KG BAGS)",18.0000
0711100,"Coffee, Green",VM,"Vietnam",1974,1974,00,028,"Production",02,"(1000 60 KG BAGS)",60.0000
0711100,"Coffee, Green",VM,"Vietnam",1974,1974,00,107,"Roast & Ground Exports",02,"(1000 60 KG BAGS)",0.0000
0711100,"Coffee, Green",VM,"Vietnam",1974,1974,00,075,"Roast & Ground Imports",02,"(1000 60 KG BAGS)",0.0000
0711100,"Coffee, Green",VM,"Vietnam",1974,1974,00,053,"Robusta Production",02,"(1000 60 KG BAGS)",40.0000
0711100,"Coffee, Green",VM,"Vietnam",1974,1974,00,141,"Rst,Ground Dom. Consum",02,"(1000 60 KG BAGS)",30.0000
0711100,"Coffee, Green",VM,"Vietnam",1974,1974,00,154,"Soluble Dom. Cons.",02,"(1000 60 KG BAGS)",0.0000
0711100,"Coffee, Green",VM,"Vietnam",1974,1974,00,114,"Soluble Exports",02,"(1000 60 KG BAGS)",0.0000
0711100,"Coffee, Green",VM,"Vietnam",1974,1974,00,082,"Soluble Imports",02,"(1000 60 KG BAGS)",0.0000
0711100,"Coffee, Green",VM,"Vietnam",1974,1974,00,178,"Total Distribution",02,"(1000 60 KG BAGS)",60.0000
0711100,"Coffee, Green",VM,"Vietnam",1974,1974,00,086,"Total Supply",02,"(1000 60 KG BAGS)",60.0000
0711100,"Coffee, Green",VM,"Vietnam",1975,1975,00,029,"Arabica Production",02,"(1000 60 KG BAGS)",0.0000
0711100,"Coffee, Green",VM,"Vietnam",1975,1975,00,090,"Bean Exports",02,"(1000 60 KG BAGS)",30.0000
0711100,"Coffee, Green",VM,"Vietnam",1975,1975,00,058,"Bean Imports",02,"(1000 60 KG BAGS)",0.0000
0711100,"Coffee, Green",VM,"Vietnam",1975,1975,00,020,"Beginning Stocks",02,"(1000 60 KG BAGS)",0.0000
0711100,"Coffee, Green",VM,"Vietnam",1975,1975,00,125,"Domestic Consumption",02,"(1000 60 KG BAGS)",24.0000
0711100,"Coffee, Green",VM,"Vietnam",1975,1975,00,176,"Ending Stocks",02,"(1000 60 KG BAGS)",0.0000
0711100,"Coffee, Green",VM,"Vietnam",1975,1975,00,088,"Exports",02,"(1000 60 KG BAGS)",30.0000
0711100,"Coffee, Green",VM,"Vietnam",1975,1975,00,057,"Imports",02,"(1000 60 KG BAGS)",0.0000
0711100,"Coffee, Green",VM,"Vietnam",1975,1975,00,056,"Other Production",02,"(1000 60 KG BAGS)",0.0000
0711100,"Coffee, Green",VM,"Vietnam",1975,1975,00,028,"Production",02,"(1000 60 KG BAGS)",54.0000
0711100,"Coffee, Green",VM,"Vietnam",1975,1975,00,107,"Roast & Ground Exports",02,"(1000 60 KG BAGS)",0.0000
0711100,"Coffee, Green",VM,"Vietnam",1975,1975,00,075,"Roast & Ground Imports",02,"(1000 60 KG BAGS)",0.0000
0711100,"Coffee, Green",VM,"Vietnam",1975,1975,00,053,"Robusta Production",02,"(1000 60 KG BAGS)",54.0000
0711100,"Coffee, Green",VM,"Vietnam",1975,1975,00,141,"Rst,Ground Dom. Consum",02,"(1000 60 KG BAGS)",24.0000
0711100,"Coffee, Green",VM,"Vietnam",1975,1975,00,154,"Soluble Dom. Cons.",02,"(1000 60 KG BAGS)",0.0000
0711100,"Coffee, Green",VM,"Vietnam",1975,1975,00,114,"Soluble Exports",02,"(1000 60 KG BAGS)",0.0000
0711100,"Coffee, Green",VM,"Vietnam",1975,1975,00,082,"Soluble Imports",02,"(1000 60 KG BAGS)",0.0000
0711100,"Coffee, Green",VM,"Vietnam",1975,1975,00,178,"Total Distribution",02,"(1000 60 KG BAGS)",54.0000
0711100,"Coffee, Green",VM,"Vietnam",1975,1975,00,086,"Total Supply",02,"(1000 60 KG BAGS)",54.0000
0711100,"Coffee, Green",VM,"Vietnam",1976,1976,00,029,"Arabica Production",02,"(1000 60 KG BAGS)",0.0000
0711100,"Coffee, Green",VM,"Vietnam",1976,1976,00,090,"Bean Exports",02,"(1000 60 KG BAGS)",63.0000
0711100,"Coffee, Green",VM,"Vietnam",1976,1976,00,058,"Bean Imports",02,"(1000 60 KG BAGS)",0.0000
0711100,"Coffee, Green",VM,"Vietnam",1976,1976,00,020,"Beginning Stocks",02,"(1000 60 KG BAGS)",0.0000
0711100,"Coffee, Green",VM,"Vietnam",1976,1976,00,125,"Domestic Consumption",02,"(1000 60 KG BAGS)",30.0000
0711100,"Coffee, Green",VM,"Vietnam",1976,1976,00,176,"Ending Stocks",02,"(1000 60 KG BAGS)",0.0000
0711100,"Coffee, Green",VM,"Vietnam",1976,1976,00,088,"Exports",02,"(1000 60 KG BAGS)",63.0000
0711100,"Coffee, Green",VM,"Vietnam",1976,1976,00,057,"Imports",02,"(1000 60 KG BAGS)",0.0000
0711100,"Coffee, Green",VM,"Vietnam",1976,1976,00,056,"Other Production",02,"(1000 60 KG BAGS)",0.0000
0711100,"Coffee, Green",VM,"Vietnam",1976,1976,00,028,"Production",02,"(1000 60 KG BAGS)",93.0000
0711100,"Coffee, Green",VM,"Vietnam",1976,1976,00,107,"Roast & Ground Exports",02,"(1000 60 KG BAGS)",0.0000
0711100,"Coffee, Green",VM,"Vietnam",1976,1976,00,075,"Roast & Ground Imports",02,"(1000 60 KG BAGS)",0.0000
0711100,"Coffee, Green",VM,"Vietnam",1976,1976,00,053,"Robusta Production",02,"(1000 60 KG BAGS)",93.0000
0711100,"Coffee, Green",VM,"Vietnam",1976,1976,00,141,"Rst,Ground Dom. Consum",02,"(1000 60 KG BAGS)",30.0000
0711100,"Coffee, Green",VM,"Vietnam",1976,1976,00,154,"Soluble Dom. Cons.",02,"(1000 60 KG BAGS)",0.0000
0711100,"Coffee, Green",VM,"Vietnam",1976,1976,00,114,"Soluble Exports",02,"(1000 60 KG BAGS)",0.0000
0711100,"Coffee, Green",VM,"Vietnam",1976,1976,00,082,"Soluble Imports",02,"(1000 60 KG BAGS)",0.0000
0711100,"Coffee, Green",VM,"Vietnam",1976,1976,00,178,"Total Distribution",02,"(1000 60 KG BAGS)",93.0000
0711100,"Coffee, Green",VM,"Vietnam",1976,1976,00,086,"Total Supply",02,"(1000 60 KG BAGS)",93.0000
0711100,"Coffee, Green",VM,"Vietnam",1977,1977,00,029,"Arabica Production",02,"(1000 60 KG BAGS)",0.0000
0711100,"Coffee, Green",VM,"Vietnam",1977,1977,00,090,"Bean Exports",02,"(1000 60 KG BAGS)",56.0000
0711100,"Coffee, Green",VM,"Vietnam",1977,1977,00,058,"Bean Imports",02,"(1000 60 KG BAGS)",0.0000
0711100,"Coffee, Green",VM,"Vietnam",1977,1977,00,020,"Beginning Stocks",02,"(1000 60 KG BAGS)",0.0000
0711100,"Coffee, Green",VM,"Vietnam",1977,1977,00,125,"Domestic Consumption",02,"(1000 60 KG BAGS)",35.0000
0711100,"Coffee, Green",VM,"Vietnam",1977,1977,00,176,"Ending Stocks",02,"(1000 60 KG BAGS)",0.0000
0711100,"Coffee, Green",VM,"Vietnam",1977,1977,00,088,"Exports",02,"(1000 60 KG BAGS)",56.0000
0711100,"Coffee, Green",VM,"Vietnam",1977,1977,00,057,"Imports",02,"(1000 60 KG BAGS)",0.0000
0711100,"Coffee, Green",VM,"Vietnam",1977,1977,00,056,"Other Production",02,"(1000 60 KG BAGS)",0.0000
0711100,"Coffee, Green",VM,"Vietnam",1977,1977,00,028,"Production",02,"(1000 60 KG BAGS)",91.0000
0711100,"Coffee, Green",VM,"Vietnam",1977,1977,00,107,"Roast & Ground Exports",02,"(1000 60 KG BAGS)",0.0000
0711100,"Coffee, Green",VM,"Vietnam",1977,1977,00,075,"Roast & Ground Imports",02,"(1000 60 KG BAGS)",0.0000
0711100,"Coffee, Green",VM,"Vietnam",1977,1977,00,053,"Robusta Production",02,"(1000 60 KG BAGS)",91.0000
0711100,"Coffee, Green",VM,"Vietnam",1977,1977,00,141,"Rst,Ground Dom. Consum",02,"(1000 60 KG BAGS)",35.0000
0711100,"Coffee, Green",VM,"Vietnam",1977,1977,00,154,"Soluble Dom. Cons.",02,"(1000 60 KG BAGS)",0.0000
0711100,"Coffee, Green",VM,"Vietnam",1977,1977,00,114,"Soluble Exports",02,"(1000 60 KG BAGS)",0.0000
0711100,"Coffee, Green",VM,"Vietnam",1977,1977,00,082,"Soluble Imports",02,"(1000 60 KG BAGS)",0.0000
0711100,"Coffee, Green",VM,"Vietnam",1977,1977,00,178,"Total Distribution",02,"(1000 60 KG BAGS)",91.0000
0711100,"Coffee, Green",VM,"Vietnam",1977,1977,00,086,"Total Supply",02,"(1000 60 KG BAGS)",91.0000
0711100,"Coffee, Green",VM,"Vietnam",1978,1978,00,029,"Arabica Production",02,"(1000 60 KG BAGS)",0.0000
0711100,"Coffee, Green",VM,"Vietnam",1978,1978,00,090,"Bean Exports",02,"(1000 60 KG BAGS)",49.0000
0711100,"Coffee, Green",VM,"Vietnam",1978,1978,00,058,"Bean Imports",02,"(1000 60 KG BAGS)",0.0000
0711100,"Coffee, Green",VM,"Vietnam",1978,1978,00,020,"Beginning Stocks",02,"(1000 60 KG BAGS)",0.0000
0711100,"Coffee, Green",VM,"Vietnam",1978,1978,00,125,"Domestic Consumption",02,"(1000 60 KG BAGS)",35.0000
0711100,"Coffee, Green",VM,"Vietnam",1978,1978,00,176,"Ending Stocks",02,"(1000 60 KG BAGS)",0.0000
0711100,"Coffee, Green",VM,"Vietnam",1978,1978,00,088,"Exports",02,"(1000 60 KG BAGS)",49.0000
0711100,"Coffee, Green",VM,"Vietnam",1978,1978,00,057,"Imports",02,"(1000 60 KG BAGS)",0.0000
0711100,"Coffee, Green",VM,"Vietnam",1978,1978,00,056,"Other Production",02,"(1000 60 KG BAGS)",0.0000
0711100,"Coffee, Green",VM,"Vietnam",1978,1978,00,028,"Production",02,"(1000 60 KG BAGS)",84.0000
0711100,"Coffee, Green",VM,"Vietnam",1978,1978,00,107,"Roast & Ground Exports",02,"(1000 60 KG BAGS)",0.0000
0711100,"Coffee, Green",VM,"Vietnam",1978,1978,00,075,"Roast & Ground Imports",02,"(1000 60 KG BAGS)",0.0000
0711100,"Coffee, Green",VM,"Vietnam",1978,1978,00,053,"Robusta Production",02,"(1000 60 KG BAGS)",84.0000
0711100,"Coffee, Green",VM,"Vietnam",1978,1978,00,141,"Rst,Ground Dom. Consum",02,"(1000 60 KG BAGS)",35.0000
0711100,"Coffee, Green",VM,"Vietnam",1978,1978,00,154,"Soluble Dom. Cons.",02,"(1000 60 KG BAGS)",0.0000
0711100,"Coffee, Green",VM,"Vietnam",1978,1978,00,114,"Soluble Exports",02,"(1000 60 KG BAGS)",0.0000
0711100,"Coffee, Green",VM,"Vietnam",1978,1978,00,082,"Soluble Imports",02,"(1000 60 KG BAGS)",0.0000
0711100,"Coffee, Green",VM,"Vietnam",1978,1978,00,178,"Total Distribution",02,"(1000 60 KG BAGS)",84.0000
0711100,"Coffee, Green",VM,"Vietnam",1978,1978,00,086,"Total Supply",02,"(1000 60 KG BAGS)",84.0000
0711100,"Coffee, Green",VM,"Vietnam",1979,1979,00,029,"Arabica Production",02,"(1000 60 KG BAGS)",0.0000
0711100,"Coffee, Green",VM,"Vietnam",1979,1979,00,090,"Bean Exports",02,"(1000 60 KG BAGS)",105.0000
0711100,"Coffee, Green",VM,"Vietnam",1979,1979,00,058,"Bean Imports",02,"(1000 60 KG BAGS)",0.0000
0711100,"Coffee, Green",VM,"Vietnam",1979,1979,00,020,"Beginning Stocks",02,"(1000 60 KG BAGS)",0.0000
0711100,"Coffee, Green",VM,"Vietnam",1979,1979,00,125,"Domestic Consumption",02,"(1000 60 KG BAGS)",35.0000
0711100,"Coffee, Green",VM,"Vietnam",1979,1979,00,176,"Ending Stocks",02,"(1000 60 KG BAGS)",0.0000
0711100,"Coffee, Green",VM,"Vietnam",1979,1979,00,088,"Exports",02,"(1000 60 KG BAGS)",105.0000
0711100,"Coffee, Green",VM,"Vietnam",1979,1979,00,057,"Imports",02,"(1000 60 KG BAGS)",0.0000
0711100,"Coffee, Green",VM,"Vietnam",1979,1979,00,056,"Other Production",02,"(1000 60 KG BAGS)",0.0000
0711100,"Coffee, Green",VM,"Vietnam",1979,1979,00,028,"Production",02,"(1000 60 KG BAGS)",140.0000
0711100,"Coffee, Green",VM,"Vietnam",1979,1979,00,107,"Roast & Ground Exports",02,"(1000 60 KG BAGS)",0.0000
0711100,"Coffee, Green",VM,"Vietnam",1979,1979,00,075,"Roast & Ground Imports",02,"(1000 60 KG BAGS)",0.0000
0711100,"Coffee, Green",VM,"Vietnam",1979,1979,00,053,"Robusta Production",02,"(1000 60 KG BAGS)",140.0000
0711100,"Coffee, Green",VM,"Vietnam",1979,1979,00,141,"Rst,Ground Dom. Consum",02,"(1000 60 KG BAGS)",35.0000
0711100,"Coffee, Green",VM,"Vietnam",1979,1979,00,154,"Soluble Dom. Cons.",02,"(1000 60 KG BAGS)",0.0000
0711100,"Coffee, Green",VM,"Vietnam",1979,1979,00,114,"Soluble Exports",02,"(1000 60 KG BAGS)",0.0000
0711100,"Coffee, Green",VM,"Vietnam",1979,1979,00,082,"Soluble Imports",02,"(1000 60 KG BAGS)",0.0000
0711100,"Coffee, Green",VM,"Vietnam",1979,1979,00,178,"Total Distribution",02,"(1000 60 KG BAGS)",140.0000
0711100,"Coffee, Green",VM,"Vietnam",1979,1979,00,086,"Total Supply",02,"(1000 60 KG BAGS)",140.0000
0711100,"Coffee, Green",VM,"Vietnam",1980,1980,00,029,"Arabica Production",02,"(1000 60 KG BAGS)",0.0000
0711100,"Coffee, Green",VM,"Vietnam",1980,1980,00,090,"Bean Exports",02,"(1000 60 KG BAGS)",42.0000
0711100,"Coffee, Green",VM,"Vietnam",1980,1980,00,058,"Bean Imports",02,"(1000 60 KG BAGS)",0.0000
0711100,"Coffee, Green",VM,"Vietnam",1980,1980,00,020,"Beginning Stocks",02,"(1000 60 KG BAGS)",0.0000
0711100,"Coffee, Green",VM,"Vietnam",1980,1980,00,125,"Domestic Consumption",02,"(1000 60 KG BAGS)",35.0000
0711100,"Coffee, Green",VM,"Vietnam",1980,1980,00,176,"Ending Stocks",02,"(1000 60 KG BAGS)",0.0000
0711100,"Coffee, Green",VM,"Vietnam",1980,1980,00,088,"Exports",02,"(1000 60 KG BAGS)",42.0000
0711100,"Coffee, Green",VM,"Vietnam",1980,1980,00,057,"Imports",02,"(1000 60 KG BAGS)",0.0000
0711100,"Coffee, Green",VM,"Vietnam",1980,1980,00,056,"Other Production",02,"(1000 60 KG BAGS)",0.0000
0711100,"Coffee, Green",VM,"Vietnam",1980,1980,00,028,"Production",02,"(1000 60 KG BAGS)",77.0000
0711100,"Coffee, Green",VM,"Vietnam",1980,1980,00,107,"Roast & Ground Exports",02,"(1000 60 KG BAGS)",0.0000
0711100,"Coffee, Green",VM,"Vietnam",1980,1980,00,075,"Roast & Ground Imports",02,"(1000 60 KG BAGS)",0.0000
0711100,"Coffee, Green",VM,"Vietnam",1980,1980,00,053,"Robusta Production",02,"(1000 60 KG BAGS)",77.0000
0711100,"Coffee, Green",VM,"Vietnam",1980,1980,00,141,"Rst,Ground Dom. Consum",02,"(1000 60 KG BAGS)",35.0000
0711100,"Coffee, Green",VM,"Vietnam",1980,1980,00,154,"Soluble Dom. Cons.",02,"(1000 60 KG BAGS)",0.0000
0711100,"Coffee, Green",VM,"Vietnam",1980,1980,00,114,"Soluble Exports",02,"(1000 60 KG BAGS)",0.0000
0711100,"Coffee, Green",VM,"Vietnam",1980,1980,00,082,"Soluble Imports",02,"(1000 60 KG BAGS)",0.0000
0711100,"Coffee, Green",VM,"Vietnam",1980,1980,00,178,"Total Distribution",02,"(1000 60 KG BAGS)",77.0000
0711100,"Coffee, Green",VM,"Vietnam",1980,1980,00,086,"Total Supply",02,"(1000 60 KG BAGS)",77.0000
0711100,"Coffee, Green",VM,"Vietnam",1981,1981,00,029,"Arabica Production",02,"(1000 60 KG BAGS)",0.0000
0711100,"Coffee, Green",VM,"Vietnam",1981,1981,00,090,"Bean Exports",02,"(1000 60 KG BAGS)",69.0000
0711100,"Coffee, Green",VM,"Vietnam",1981,1981,00,058,"Bean Imports",02,"(1000 60 KG BAGS)",0.0000
0711100,"Coffee, Green",VM,"Vietnam",1981,1981,00,020,"Beginning Stocks",02,"(1000 60 KG BAGS)",0.0000
0711100,"Coffee, Green",VM,"Vietnam",1981,1981,00,125,"Domestic Consumption",02,"(1000 60 KG BAGS)",8.0000
0711100,"Coffee, Green",VM,"Vietnam",1981,1981,00,176,"Ending Stocks",02,"(1000 60 KG BAGS)",0.0000
0711100,"Coffee, Green",VM,"Vietnam",1981,1981,00,088,"Exports",02,"(1000 60 KG BAGS)",69.0000
0711100,"Coffee, Green",VM,"Vietnam",1981,1981,00,057,"Imports",02,"(1000 60 KG BAGS)",0.0000
0711100,"Coffee, Green",VM,"Vietnam",1981,1981,00,056,"Other Production",02,"(1000 60 KG BAGS)",0.0000
0711100,"Coffee, Green",VM,"Vietnam",1981,1981,00,028,"Production",02,"(1000 60 KG BAGS)",77.0000
0711100,"Coffee, Green",VM,"Vietnam",1981,1981,00,107,"Roast & Ground Exports",02,"(1000 60 KG BAGS)",0.0000
0711100,"Coffee, Green",VM,"Vietnam",1981,1981,00,075,"Roast & Ground Imports",02,"(1000 60 KG BAGS)",0.0000
0711100,"Coffee, Green",VM,"Vietnam",1981,1981,00,053,"Robusta Production",02,"(1000 60 KG BAGS)",77.0000
0711100,"Coffee, Green",VM,"Vietnam",1981,1981,00,141,"Rst,Ground Dom. Consum",02,"(1000 60 KG BAGS)",8.0000
0711100,"Coffee, Green",VM,"Vietnam",1981,1981,00,154,"Soluble Dom. Cons.",02,"(1000 60 KG BAGS)",0.0000
0711100,"Coffee, Green",VM,"Vietnam",1981,1981,00,114,"Soluble Exports",02,"(1000 60 KG BAGS)",0.0000
0711100,"Coffee, Green",VM,"Vietnam",1981,1981,00,082,"Soluble Imports",02,"(1000 60 KG BAGS)",0.0000
0711100,"Coffee, Green",VM,"Vietnam",1981,1981,00,178,"Total Distribution",02,"(1000 60 KG BAGS)",77.0000
0711100,"Coffee, Green",VM,"Vietnam",1981,1981,00,086,"Total Supply",02,"(1000 60 KG BAGS)",77.0000
0711100,"Coffee, Green",VM,"Vietnam",1982,1982,00,029,"Arabica Production",02,"(1000 60 KG BAGS)",0.0000
0711100,"Coffee, Green",VM,"Vietnam",1982,1982,00,090,"Bean Exports",02,"(1000 60 KG BAGS)",77.0000
0711100,"Coffee, Green",VM,"Vietnam",1982,1982,00,058,"Bean Imports",02,"(1000 60 KG BAGS)",0.0000
0711100,"Coffee, Green",VM,"Vietnam",1982,1982,00,020,"Beginning Stocks",02,"(1000 60 KG BAGS)",0.0000
0711100,"Coffee, Green",VM,"Vietnam",1982,1982,00,125,"Domestic Consumption",02,"(1000 60 KG BAGS)",6.0000
0711100,"Coffee, Green",VM,"Vietnam",1982,1982,00,176,"Ending Stocks",02,"(1000 60 KG BAGS)",0.0000
0711100,"Coffee, Green",VM,"Vietnam",1982,1982,00,088,"Exports",02,"(1000 60 KG BAGS)",77.0000
0711100,"Coffee, Green",VM,"Vietnam",1982,1982,00,057,"Imports",02,"(1000 60 KG BAGS)",0.0000
0711100,"Coffee, Green",VM,"Vietnam",1982,1982,00,056,"Other Production",02,"(1000 60 KG BAGS)",0.0000
0711100,"Coffee, Green",VM,"Vietnam",1982,1982,00,028,"Production",02,"(1000 60 KG BAGS)",83.0000
0711100,"Coffee, Green",VM,"Vietnam",1982,1982,00,107,"Roast & Ground Exports",02,"(1000 60 KG BAGS)",0.0000
0711100,"Coffee, Green",VM,"Vietnam",1982,1982,00,075,"Roast & Ground Imports",02,"(1000 60 KG BAGS)",0.0000
0711100,"Coffee, Green",VM,"Vietnam",1982,1982,00,053,"Robusta Production",02,"(1000 60 KG BAGS)",83.0000
0711100,"Coffee, Green",VM,"Vietnam",1982,1982,00,141,"Rst,Ground Dom. Consum",02,"(1000 60 KG BAGS)",6.0000
0711100,"Coffee, Green",VM,"Vietnam",1982,1982,00,154,"Soluble Dom. Cons.",02,"(1000 60 KG BAGS)",0.0000
0711100,"Coffee, Green",VM,"Vietnam",1982,1982,00,114,"Soluble Exports",02,"(1000 60 KG BAGS)",0.0000
0711100,"Coffee, Green",VM,"Vietnam",1982,1982,00,082,"Soluble Imports",02,"(1000 60 KG BAGS)",0.0000
0711100,"Coffee, Green",VM,"Vietnam",1982,1982,00,178,"Total Distribution",02,"(1000 60 KG BAGS)",83.0000
0711100,"Coffee, Green",VM,"Vietnam",1982,1982,00,086,"Total Supply",02,"(1000 60 KG BAGS)",83.0000
0711100,"Coffee, Green",VM,"Vietnam",1983,1983,00,029,"Arabica Production",02,"(1000 60 KG BAGS)",0.0000
0711100,"Coffee, Green",VM,"Vietnam",1983,1983,00,090,"Bean Exports",02,"(1000 60 KG BAGS)",66.0000
0711100,"Coffee, Green",VM,"Vietnam",1983,1983,00,058,"Bean Imports",02,"(1000 60 KG BAGS)",0.0000
0711100,"Coffee, Green",VM,"Vietnam",1983,1983,00,020,"Beginning Stocks",02,"(1000 60 KG BAGS)",0.0000
0711100,"Coffee, Green",VM,"Vietnam",1983,1983,00,125,"Domestic Consumption",02,"(1000 60 KG BAGS)",3.0000
0711100,"Coffee, Green",VM,"Vietnam",1983,1983,00,176,"Ending Stocks",02,"(1000 60 KG BAGS)",0.0000
0711100,"Coffee, Green",VM,"Vietnam",1983,1983,00,088,"Exports",02,"(1000 60 KG BAGS)",66.0000
0711100,"Coffee, Green",VM,"Vietnam",1983,1983,00,057,"Imports",02,"(1000 60 KG BAGS)",0.0000
0711100,"Coffee, Green",VM,"Vietnam",1983,1983,00,056,"Other Production",02,"(1000 60 KG BAGS)",0.0000
0711100,"Coffee, Green",VM,"Vietnam",1983,1983,00,028,"Production",02,"(1000 60 KG BAGS)",69.0000
0711100,"Coffee, Green",VM,"Vietnam",1983,1983,00,107,"Roast & Ground Exports",02,"(1000 60 KG BAGS)",0.0000
0711100,"Coffee, Green",VM,"Vietnam",1983,1983,00,075,"Roast & Ground Imports",02,"(1000 60 KG BAGS)",0.0000
0711100,"Coffee, Green",VM,"Vietnam",1983,1983,00,053,"Robusta Production",02,"(1000 60 KG BAGS)",69.0000
0711100,"Coffee, Green",VM,"Vietnam",1983,1983,00,141,"Rst,Ground Dom. Consum",02,"(1000 60 KG BAGS)",3.0000
0711100,"Coffee, Green",VM,"Vietnam",1983,1983,00,154,"Soluble Dom. Cons.",02,"(1000 60 KG BAGS)",0.0000
0711100,"Coffee, Green",VM,"Vietnam",1983,1983,00,114,"Soluble Exports",02,"(1000 60 KG BAGS)",0.0000
0711100,"Coffee, Green",VM,"Vietnam",1983,1983,00,082,"Soluble Imports",02,"(1000 60 KG BAGS)",0.0000
0711100,"Coffee, Green",VM,"Vietnam",1983,1983,00,178,"Total Distribution",02,"(1000 60 KG BAGS)",69.0000
0711100,"Coffee, Green",VM,"Vietnam",1983,1983,00,086,"Total Supply",02,"(1000 60 KG BAGS)",69.0000
0711100,"Coffee, Green",VM,"Vietnam",1984,1984,00,029,"Arabica Production",02,"(1000 60 KG BAGS)",0.0000
0711100,"Coffee, Green",VM,"Vietnam",1984,1984,00,090,"Bean Exports",02,"(1000 60 KG BAGS)",157.0000
0711100,"Coffee, Green",VM,"Vietnam",1984,1984,00,058,"Bean Imports",02,"(1000 60 KG BAGS)",0.0000
0711100,"Coffee, Green",VM,"Vietnam",1984,1984,00,020,"Beginning Stocks",02,"(1000 60 KG BAGS)",0.0000
0711100,"Coffee, Green",VM,"Vietnam",1984,1984,00,125,"Domestic Consumption",02,"(1000 60 KG BAGS)",5.0000
0711100,"Coffee, Green",VM,"Vietnam",1984,1984,00,176,"Ending Stocks",02,"(1000 60 KG BAGS)",44.0000
0711100,"Coffee, Green",VM,"Vietnam",1984,1984,00,088,"Exports",02,"(1000 60 KG BAGS)",157.0000
0711100,"Coffee, Green",VM,"Vietnam",1984,1984,00,057,"Imports",02,"(1000 60 KG BAGS)",0.0000
0711100,"Coffee, Green",VM,"Vietnam",1984,1984,00,056,"Other Production",02,"(1000 60 KG BAGS)",0.0000
0711100,"Coffee, Green",VM,"Vietnam",1984,1984,00,028,"Production",02,"(1000 60 KG BAGS)",206.0000
0711100,"Coffee, Green",VM,"Vietnam",1984,1984,00,107,"Roast & Ground Exports",02,"(1000 60 KG BAGS)",0.0000
0711100,"Coffee, Green",VM,"Vietnam",1984,1984,00,075,"Roast & Ground Imports",02,"(1000 60 KG BAGS)",0.0000
0711100,"Coffee, Green",VM,"Vietnam",1984,1984,00,053,"Robusta Production",02,"(1000 60 KG BAGS)",206.0000
0711100,"Coffee, Green",VM,"Vietnam",1984,1984,00,141,"Rst,Ground Dom. Consum",02,"(1000 60 KG BAGS)",5.0000
0711100,"Coffee, Green",VM,"Vietnam",1984,1984,00,154,"Soluble Dom. Cons.",02,"(1000 60 KG BAGS)",0.0000
0711100,"Coffee, Green",VM,"Vietnam",1984,1984,00,114,"Soluble Exports",02,"(1000 60 KG BAGS)",0.0000
0711100,"Coffee, Green",VM,"Vietnam",1984,1984,00,082,"Soluble Imports",02,"(1000 60 KG BAGS)",0.0000
0711100,"Coffee, Green",VM,"Vietnam",1984,1984,00,178,"Total Distribution",02,"(1000 60 KG BAGS)",206.0000
0711100,"Coffee, Green",VM,"Vietnam",1984,1984,00,086,"Total Supply",02,"(1000 60 KG BAGS)",206.0000
0711100,"Coffee, Green",VM,"Vietnam",1985,1985,00,029,"Arabica Production",02,"(1000 60 KG BAGS)",0.0000
0711100,"Coffee, Green",VM,"Vietnam",1985,1985,00,090,"Bean Exports",02,"(1000 60 KG BAGS)",363.0000
0711100,"Coffee, Green",VM,"Vietnam",1985,1985,00,058,"Bean Imports",02,"(1000 60 KG BAGS)",10.0000
0711100,"Coffee, Green",VM,"Vietnam",1985,1985,00,020,"Beginning Stocks",02,"(1000 60 KG BAGS)",44.0000
0711100,"Coffee, Green",VM,"Vietnam",1985,1985,00,125,"Domestic Consumption",02,"(1000 60 KG BAGS)",5.0000
0711100,"Coffee, Green",VM,"Vietnam",1985,1985,00,176,"Ending Stocks",02,"(1000 60 KG BAGS)",0.0000
0711100,"Coffee, Green",VM,"Vietnam",1985,1985,00,088,"Exports",02,"(1000 60 KG BAGS)",363.0000
0711100,"Coffee, Green",VM,"Vietnam",1985,1985,00,057,"Imports",02,"(1000 60 KG BAGS)",10.0000
0711100,"Coffee, Green",VM,"Vietnam",1985,1985,00,056,"Other Production",02,"(1000 60 KG BAGS)",0.0000
0711100,"Coffee, Green",VM,"Vietnam",1985,1985,00,028,"Production",02,"(1000 60 KG BAGS)",314.0000
0711100,"Coffee, Green",VM,"Vietnam",1985,1985,00,107,"Roast & Ground Exports",02,"(1000 60 KG BAGS)",0.0000
0711100,"Coffee, Green",VM,"Vietnam",1985,1985,00,075,"Roast & Ground Imports",02,"(1000 60 KG BAGS)",0.0000
0711100,"Coffee, Green",VM,"Vietnam",1985,1985,00,053,"Robusta Production",02,"(1000 60 KG BAGS)",314.0000
0711100,"Coffee, Green",VM,"Vietnam",1985,1985,00,141,"Rst,Ground Dom. Consum",02,"(1000 60 KG BAGS)",5.0000
0711100,"Coffee, Green",VM,"Vietnam",1985,1985,00,154,"Soluble Dom. Cons.",02,"(1000 60 KG BAGS)",0.0000
0711100,"Coffee, Green",VM,"Vietnam",1985,1985,00,114,"Soluble Exports",02,"(1000 60 KG BAGS)",0.0000
0711100,"Coffee, Green",VM,"Vietnam",1985,1985,00,082,"Soluble Imports",02,"(1000 60 KG BAGS)",0.0000
0711100,"Coffee, Green",VM,"Vietnam",1985,1985,00,178,"Total Distribution",02,"(1000 60 KG BAGS)",368.0000
0711100,"Coffee, Green",VM,"Vietnam",1985,1985,00,086,"Total Supply",02,"(1000 60 KG BAGS)",368.0000
0711100,"Coffee, Green",VM,"Vietnam",1986,1986,00,029,"Arabica Production",02,"(1000 60 KG BAGS)",0.0000
0711100,"Coffee, Green",VM,"Vietnam",1986,1986,00,090,"Bean Exports",02,"(1000 60 KG BAGS)",433.0000
0711100,"Coffee, Green",VM,"Vietnam",1986,1986,00,058,"Bean Imports",02,"(1000 60 KG BAGS)",0.0000
0711100,"Coffee, Green",VM,"Vietnam",1986,1986,00,020,"Beginning Stocks",02,"(1000 60 KG BAGS)",0.0000
0711100,"Coffee, Green",VM,"Vietnam",1986,1986,00,125,"Domestic Consumption",02,"(1000 60 KG BAGS)",21.0000
0711100,"Coffee, Green",VM,"Vietnam",1986,1986,00,176,"Ending Stocks",02,"(1000 60 KG BAGS)",0.0000
0711100,"Coffee, Green",VM,"Vietnam",1986,1986,00,088,"Exports",02,"(1000 60 KG BAGS)",433.0000
0711100,"Coffee, Green",VM,"Vietnam",1986,1986,00,057,"Imports",02,"(1000 60 KG BAGS)",0.0000
0711100,"Coffee, Green",VM,"Vietnam",1986,1986,00,056,"Other Production",02,"(1000 60 KG BAGS)",0.0000
0711100,"Coffee, Green",VM,"Vietnam",1986,1986,00,028,"Production",02,"(1000 60 KG BAGS)",454.0000
0711100,"Coffee, Green",VM,"Vietnam",1986,1986,00,107,"Roast & Ground Exports",02,"(1000 60 KG BAGS)",0.0000
0711100,"Coffee, Green",VM,"Vietnam",1986,1986,00,075,"Roast & Ground Imports",02,"(1000 60 KG BAGS)",0.0000
0711100,"Coffee, Green",VM,"Vietnam",1986,1986,00,053,"Robusta Production",02,"(1000 60 KG BAGS)",454.0000
0711100,"Coffee, Green",VM,"Vietnam",1986,1986,00,141,"Rst,Ground Dom. Consum",02,"(1000 60 KG BAGS)",21.0000
0711100,"Coffee, Green",VM,"Vietnam",1986,1986,00,154,"Soluble Dom. Cons.",02,"(1000 60 KG BAGS)",0.0000
0711100,"Coffee, Green",VM,"Vietnam",1986,1986,00,114,"Soluble Exports",02,"(1000 60 KG BAGS)",0.0000
0711100,"Coffee, Green",VM,"Vietnam",1986,1986,00,082,"Soluble Imports",02,"(1000 60 KG BAGS)",0.0000
0711100,"Coffee, Green",VM,"Vietnam",1986,1986,00,178,"Total Distribution",02,"(1000 60 KG BAGS)",454.0000
0711100,"Coffee, Green",VM,"Vietnam",1986,1986,00,086,"Total Supply",02,"(1000 60 KG BAGS)",454.0000
0711100,"Coffee, Green",VM,"Vietnam",1987,1987,00,029,"Arabica Production",02,"(1000 60 KG BAGS)",0.0000
0711100,"Coffee, Green",VM,"Vietnam",1987,1987,00,090,"Bean Exports",02,"(1000 60 KG BAGS)",567.0000
0711100,"Coffee, Green",VM,"Vietnam",1987,1987,00,058,"Bean Imports",02,"(1000 60 KG BAGS)",0.0000
0711100,"Coffee, Green",VM,"Vietnam",1987,1987,00,020,"Beginning Stocks",02,"(1000 60 KG BAGS)",0.0000
0711100,"Coffee, Green",VM,"Vietnam",1987,1987,00,125,"Domestic Consumption",02,"(1000 60 KG BAGS)",12.0000
0711100,"Coffee, Green",VM,"Vietnam",1987,1987,00,176,"Ending Stocks",02,"(1000 60 KG BAGS)",0.0000
0711100,"Coffee, Green",VM,"Vietnam",1987,1987,00,088,"Exports",02,"(1000 60 KG BAGS)",567.0000
0711100,"Coffee, Green",VM,"Vietnam",1987,1987,00,057,"Imports",02,"(1000 60 KG BAGS)",0.0000
0711100,"Coffee, Green",VM,"Vietnam",1987,1987,00,056,"Other Production",02,"(1000 60 KG BAGS)",0.0000
0711100,"Coffee, Green",VM,"Vietnam",1987,1987,00,028,"Production",02,"(1000 60 KG BAGS)",579.0000
0711100,"Coffee, Green",VM,"Vietnam",1987,1987,00,107,"Roast & Ground Exports",02,"(1000 60 KG BAGS)",0.0000
0711100,"Coffee, Green",VM,"Vietnam",1987,1987,00,075,"Roast & Ground Imports",02,"(1000 60 KG BAGS)",0.0000
0711100,"Coffee, Green",VM,"Vietnam",1987,1987,00,053,"Robusta Production",02,"(1000 60 KG BAGS)",579.0000
0711100,"Coffee, Green",VM,"Vietnam",1987,1987,00,141,"Rst,Ground Dom. Consum",02,"(1000 60 KG BAGS)",12.0000
0711100,"Coffee, Green",VM,"Vietnam",1987,1987,00,154,"Soluble Dom. Cons.",02,"(1000 60 KG BAGS)",0.0000
0711100,"Coffee, Green",VM,"Vietnam",1987,1987,00,114,"Soluble Exports",02,"(1000 60 KG BAGS)",0.0000
0711100,"Coffee, Green",VM,"Vietnam",1987,1987,00,082,"Soluble Imports",02,"(1000 60 KG BAGS)",0.0000
0711100,"Coffee, Green",VM,"Vietnam",1987,1987,00,178,"Total Distribution",02,"(1000 60 KG BAGS)",579.0000
0711100,"Coffee, Green",VM,"Vietnam",1987,1987,00,086,"Total Supply",02,"(1000 60 KG BAGS)",579.0000
0711100,"Coffee, Green",VM,"Vietnam",1988,1988,00,029,"Arabica Production",02,"(1000 60 KG BAGS)",0.0000
0711100,"Coffee, Green",VM,"Vietnam",1988,1988,00,090,"Bean Exports",02,"(1000 60 KG BAGS)",800.0000
0711100,"Coffee, Green",VM,"Vietnam",1988,1988,00,058,"Bean Imports",02,"(1000 60 KG BAGS)",136.0000
0711100,"Coffee, Green",VM,"Vietnam",1988,1988,00,020,"Beginning Stocks",02,"(1000 60 KG BAGS)",0.0000
0711100,"Coffee, Green",VM,"Vietnam",1988,1988,00,125,"Domestic Consumption",02,"(1000 60 KG BAGS)",35.0000
0711100,"Coffee, Green",VM,"Vietnam",1988,1988,00,176,"Ending Stocks",02,"(1000 60 KG BAGS)",223.0000
0711100,"Coffee, Green",VM,"Vietnam",1988,1988,00,088,"Exports",02,"(1000 60 KG BAGS)",800.0000
0711100,"Coffee, Green",VM,"Vietnam",1988,1988,00,057,"Imports",02,"(1000 60 KG BAGS)",136.0000
0711100,"Coffee, Green",VM,"Vietnam",1988,1988,00,056,"Other Production",02,"(1000 60 KG BAGS)",0.0000
0711100,"Coffee, Green",VM,"Vietnam",1988,1988,00,028,"Production",02,"(1000 60 KG BAGS)",922.0000
0711100,"Coffee, Green",VM,"Vietnam",1988,1988,00,107,"Roast & Ground Exports",02,"(1000 60 KG BAGS)",0.0000
0711100,"Coffee, Green",VM,"Vietnam",1988,1988,00,075,"Roast & Ground Imports",02,"(1000 60 KG BAGS)",0.0000
0711100,"Coffee, Green",VM,"Vietnam",1988,1988,00,053,"Robusta Production",02,"(1000 60 KG BAGS)",922.0000
0711100,"Coffee, Green",VM,"Vietnam",1988,1988,00,141,"Rst,Ground Dom. Consum",02,"(1000 60 KG BAGS)",35.0000
0711100,"Coffee, Green",VM,"Vietnam",1988,1988,00,154,"Soluble Dom. Cons.",02,"(1000 60 KG BAGS)",0.0000
0711100,"Coffee, Green",VM,"Vietnam",1988,1988,00,114,"Soluble Exports",02,"(1000 60 KG BAGS)",0.0000
0711100,"Coffee, Green",VM,"Vietnam",1988,1988,00,082,"Soluble Imports",02,"(1000 60 KG BAGS)",0.0000
0711100,"Coffee, Green",VM,"Vietnam",1988,1988,00,178,"Total Distribution",02,"(1000 60 KG BAGS)",1058.0000
0711100,"Coffee, Green",VM,"Vietnam",1988,1988,00,086,"Total Supply",02,"(1000 60 KG BAGS)",1058.0000
0711100,"Coffee, Green",VM,"Vietnam",1989,1989,00,029,"Arabica Production",02,"(1000 60 KG BAGS)",0.0000
0711100,"Coffee, Green",VM,"Vietnam",1989,1989,00,090,"Bean Exports",02,"(1000 60 KG BAGS)",932.0000
0711100,"Coffee, Green",VM,"Vietnam",1989,1989,00,058,"Bean Imports",02,"(1000 60 KG BAGS)",0.0000
0711100,"Coffee, Green",VM,"Vietnam",1989,1989,00,020,"Beginning Stocks",02,"(1000 60 KG BAGS)",223.0000
0711100,"Coffee, Green",VM,"Vietnam",1989,1989,00,125,"Domestic Consumption",02,"(1000 60 KG BAGS)",95.0000
0711100,"Coffee, Green",VM,"Vietnam",1989,1989,00,176,"Ending Stocks",02,"(1000 60 KG BAGS)",181.0000
0711100,"Coffee, Green",VM,"Vietnam",1989,1989,00,088,"Exports",02,"(1000 60 KG BAGS)",932.0000
0711100,"Coffee, Green",VM,"Vietnam",1989,1989,00,057,"Imports",02,"(1000 60 KG BAGS)",0.0000
0711100,"Coffee, Green",VM,"Vietnam",1989,1989,00,056,"Other Production",02,"(1000 60 KG BAGS)",0.0000
0711100,"Coffee, Green",VM,"Vietnam",1989,1989,00,028,"Production",02,"(1000 60 KG BAGS)",985.0000
0711100,"Coffee, Green",VM,"Vietnam",1989,1989,00,107,"Roast & Ground Exports",02,"(1000 60 KG BAGS)",0.0000
0711100,"Coffee, Green",VM,"Vietnam",1989,1989,00,075,"Roast & Ground Imports",02,"(1000 60 KG BAGS)",0.0000
0711100,"Coffee, Green",VM,"Vietnam",1989,1989,00,053,"Robusta Production",02,"(1000 60 KG BAGS)",985.0000
0711100,"Coffee, Green",VM,"Vietnam",1989,1989,00,141,"Rst,Ground Dom. Consum",02,"(1000 60 KG BAGS)",95.0000
0711100,"Coffee, Green",VM,"Vietnam",1989,1989,00,154,"Soluble Dom. Cons.",02,"(1000 60 KG BAGS)",0.0000
0711100,"Coffee, Green",VM,"Vietnam",1989,1989,00,114,"Soluble Exports",02,"(1000 60 KG BAGS)",0.0000
0711100,"Coffee, Green",VM,"Vietnam",1989,1989,00,082,"Soluble Imports",02,"(1000 60 KG BAGS)",0.0000
0711100,"Coffee, Green",VM,"Vietnam",1989,1989,00,178,"Total Distribution",02,"(1000 60 KG BAGS)",1208.0000
0711100,"Coffee, Green",VM,"Vietnam",1989,1989,00,086,"Total Supply",02,"(1000 60 KG BAGS)",1208.0000
0711100,"Coffee, Green",VM,"Vietnam",1990,1990,00,029,"Arabica Production",02,"(1000 60 KG BAGS)",0.0000
0711100,"Coffee, Green",VM,"Vietnam",1990,1990,00,090,"Bean Exports",02,"(1000 60 KG BAGS)",1042.0000
0711100,"Coffee, Green",VM,"Vietnam",1990,1990,00,058,"Bean Imports",02,"(1000 60 KG BAGS)",0.0000
0711100,"Coffee, Green",VM,"Vietnam",1990,1990,00,020,"Beginning Stocks",02,"(1000 60 KG BAGS)",181.0000
0711100,"Coffee, Green",VM,"Vietnam",1990,1990,00,125,"Domestic Consumption",02,"(1000 60 KG BAGS)",100.0000
0711100,"Coffee, Green",VM,"Vietnam",1990,1990,00,176,"Ending Stocks",02,"(1000 60 KG BAGS)",239.0000
0711100,"Coffee, Green",VM,"Vietnam",1990,1990,00,088,"Exports",02,"(1000 60 KG BAGS)",1042.0000
0711100,"Coffee, Green",VM,"Vietnam",1990,1990,00,057,"Imports",02,"(1000 60 KG BAGS)",0.0000
0711100,"Coffee, Green",VM,"Vietnam",1990,1990,00,056,"Other Production",02,"(1000 60 KG BAGS)",0.0000
0711100,"Coffee, Green",VM,"Vietnam",1990,1990,00,028,"Production",02,"(1000 60 KG BAGS)",1200.0000
0711100,"Coffee, Green",VM,"Vietnam",1990,1990,00,107,"Roast & Ground Exports",02,"(1000 60 KG BAGS)",0.0000
0711100,"Coffee, Green",VM,"Vietnam",1990,1990,00,075,"Roast & Ground Imports",02,"(1000 60 KG BAGS)",0.0000
0711100,"Coffee, Green",VM,"Vietnam",1990,1990,00,053,"Robusta Production",02,"(1000 60 KG BAGS)",1200.0000
0711100,"Coffee, Green",VM,"Vietnam",1990,1990,00,141,"Rst,Ground Dom. Consum",02,"(1000 60 KG BAGS)",100.0000
0711100,"Coffee, Green",VM,"Vietnam",1990,1990,00,154,"Soluble Dom. Cons.",02,"(1000 60 KG BAGS)",0.0000
0711100,"Coffee, Green",VM,"Vietnam",1990,1990,00,114,"Soluble Exports",02,"(1000 60 KG BAGS)",0.0000
0711100,"Coffee, Green",VM,"Vietnam",1990,1990,00,082,"Soluble Imports",02,"(1000 60 KG BAGS)",0.0000
0711100,"Coffee, Green",VM,"Vietnam",1990,1990,00,178,"Total Distribution",02,"(1000 60 KG BAGS)",1381.0000
0711100,"Coffee, Green",VM,"Vietnam",1990,1990,00,086,"Total Supply",02,"(1000 60 KG BAGS)",1381.0000
0711100,"Coffee, Green",VM,"Vietnam",1991,1991,00,029,"Arabica Production",02,"(1000 60 KG BAGS)",0.0000
0711100,"Coffee, Green",VM,"Vietnam",1991,1991,00,090,"Bean Exports",02,"(1000 60 KG BAGS)",1333.0000
0711100,"Coffee, Green",VM,"Vietnam",1991,1991,00,058,"Bean Imports",02,"(1000 60 KG BAGS)",0.0000
0711100,"Coffee, Green",VM,"Vietnam",1991,1991,00,020,"Beginning Stocks",02,"(1000 60 KG BAGS)",239.0000
0711100,"Coffee, Green",VM,"Vietnam",1991,1991,00,125,"Domestic Consumption",02,"(1000 60 KG BAGS)",250.0000
0711100,"Coffee, Green",VM,"Vietnam",1991,1991,00,176,"Ending Stocks",02,"(1000 60 KG BAGS)",636.0000
0711100,"Coffee, Green",VM,"Vietnam",1991,1991,00,088,"Exports",02,"(1000 60 KG BAGS)",1333.0000
0711100,"Coffee, Green",VM,"Vietnam",1991,1991,00,057,"Imports",02,"(1000 60 KG BAGS)",0.0000
0711100,"Coffee, Green",VM,"Vietnam",1991,1991,00,056,"Other Production",02,"(1000 60 KG BAGS)",0.0000
0711100,"Coffee, Green",VM,"Vietnam",1991,1991,00,028,"Production",02,"(1000 60 KG BAGS)",1980.0000
0711100,"Coffee, Green",VM,"Vietnam",1991,1991,00,107,"Roast & Ground Exports",02,"(1000 60 KG BAGS)",0.0000
0711100,"Coffee, Green",VM,"Vietnam",1991,1991,00,075,"Roast & Ground Imports",02,"(1000 60 KG BAGS)",0.0000
0711100,"Coffee, Green",VM,"Vietnam",1991,1991,00,053,"Robusta Production",02,"(1000 60 KG BAGS)",1980.0000
0711100,"Coffee, Green",VM,"Vietnam",1991,1991,00,141,"Rst,Ground Dom. Consum",02,"(1000 60 KG BAGS)",250.0000
0711100,"Coffee, Green",VM,"Vietnam",1991,1991,00,154,"Soluble Dom. Cons.",02,"(1000 60 KG BAGS)",0.0000
0711100,"Coffee, Green",VM,"Vietnam",1991,1991,00,114,"Soluble Exports",02,"(1000 60 KG BAGS)",0.0000
0711100,"Coffee, Green",VM,"Vietnam",1991,1991,00,082,"Soluble Imports",02,"(1000 60 KG BAGS)",0.0000
0711100,"Coffee, Green",VM,"Vietnam",1991,1991,00,178,"Total Distribution",02,"(1000 60 KG BAGS)",2219.0000
0711100,"Coffee, Green",VM,"Vietnam",1991,1991,00,086,"Total Supply",02,"(1000 60 KG BAGS)",2219.0000
0711100,"Coffee, Green",VM,"Vietnam",1992,1992,00,029,"Arabica Production",02,"(1000 60 KG BAGS)",0.0000
0711100,"Coffee, Green",VM,"Vietnam",1992,1992,00,090,"Bean Exports",02,"(1000 60 KG BAGS)",2175.0000
0711100,"Coffee, Green",VM,"Vietnam",1992,1992,00,058,"Bean Imports",02,"(1000 60 KG BAGS)",0.0000
0711100,"Coffee, Green",VM,"Vietnam",1992,1992,00,020,"Beginning Stocks",02,"(1000 60 KG BAGS)",636.0000
0711100,"Coffee, Green",VM,"Vietnam",1992,1992,00,125,"Domestic Consumption",02,"(1000 60 KG BAGS)",250.0000
0711100,"Coffee, Green",VM,"Vietnam",1992,1992,00,176,"Ending Stocks",02,"(1000 60 KG BAGS)",461.0000
0711100,"Coffee, Green",VM,"Vietnam",1992,1992,00,088,"Exports",02,"(1000 60 KG BAGS)",2175.0000
0711100,"Coffee, Green",VM,"Vietnam",1992,1992,00,057,"Imports",02,"(1000 60 KG BAGS)",0.0000
0711100,"Coffee, Green",VM,"Vietnam",1992,1992,00,056,"Other Production",02,"(1000 60 KG BAGS)",0.0000
0711100,"Coffee, Green",VM,"Vietnam",1992,1992,00,028,"Production",02,"(1000 60 KG BAGS)",2250.0000
0711100,"Coffee, Green",VM,"Vietnam",1992,1992,00,107,"Roast & Ground Exports",02,"(1000 60 KG BAGS)",0.0000
0711100,"Coffee, Green",VM,"Vietnam",1992,1992,00,075,"Roast & Ground Imports",02,"(1000 60 KG BAGS)",0.0000
0711100,"Coffee, Green",VM,"Vietnam",1992,1992,00,053,"Robusta Production",02,"(1000 60 KG BAGS)",2250.0000
0711100,"Coffee, Green",VM,"Vietnam",1992,1992,00,141,"Rst,Ground Dom. Consum",02,"(1000 60 KG BAGS)",250.0000
0711100,"Coffee, Green",VM,"Vietnam",1992,1992,00,154,"Soluble Dom. Cons.",02,"(1000 60 KG BAGS)",0.0000
0711100,"Coffee, Green",VM,"Vietnam",1992,1992,00,114,"Soluble Exports",02,"(1000 60 KG BAGS)",0.0000
0711100,"Coffee, Green",VM,"Vietnam",1992,1992,00,082,"Soluble Imports",02,"(1000 60 KG BAGS)",0.0000
0711100,"Coffee, Green",VM,"Vietnam",1992,1992,00,178,"Total Distribution",02,"(1000 60 KG BAGS)",2886.0000
0711100,"Coffee, Green",VM,"Vietnam",1992,1992,00,086,"Total Supply",02,"(1000 60 KG BAGS)",2886.0000
0711100,"Coffee, Green",VM,"Vietnam",1993,1993,00,029,"Arabica Production",02,"(1000 60 KG BAGS)",0.0000
0711100,"Coffee, Green",VM,"Vietnam",1993,1993,00,090,"Bean Exports",02,"(1000 60 KG BAGS)",2639.0000
0711100,"Coffee, Green",VM,"Vietnam",1993,1993,00,058,"Bean Imports",02,"(1000 60 KG BAGS)",0.0000
0711100,"Coffee, Green",VM,"Vietnam",1993,1993,00,020,"Beginning Stocks",02,"(1000 60 KG BAGS)",461.0000
0711100,"Coffee, Green",VM,"Vietnam",1993,1993,00,125,"Domestic Consumption",02,"(1000 60 KG BAGS)",267.0000
0711100,"Coffee, Green",VM,"Vietnam",1993,1993,00,176,"Ending Stocks",02,"(1000 60 KG BAGS)",55.0000
0711100,"Coffee, Green",VM,"Vietnam",1993,1993,00,088,"Exports",02,"(1000 60 KG BAGS)",2639.0000
0711100,"Coffee, Green",VM,"Vietnam",1993,1993,00,057,"Imports",02,"(1000 60 KG BAGS)",0.0000
0711100,"Coffee, Green",VM,"Vietnam",1993,1993,00,056,"Other Production",02,"(1000 60 KG BAGS)",0.0000
0711100,"Coffee, Green",VM,"Vietnam",1993,1993,00,028,"Production",02,"(1000 60 KG BAGS)",2500.0000
0711100,"Coffee, Green",VM,"Vietnam",1993,1993,00,107,"Roast & Ground Exports",02,"(1000 60 KG BAGS)",0.0000
0711100,"Coffee, Green",VM,"Vietnam",1993,1993,00,075,"Roast & Ground Imports",02,"(1000 60 KG BAGS)",0.0000
0711100,"Coffee, Green",VM,"Vietnam",1993,1993,00,053,"Robusta Production",02,"(1000 60 KG BAGS)",2500.0000
0711100,"Coffee, Green",VM,"Vietnam",1993,1993,00,141,"Rst,Ground Dom. Consum",02,"(1000 60 KG BAGS)",267.0000
0711100,"Coffee, Green",VM,"Vietnam",1993,1993,00,154,"Soluble Dom. Cons.",02,"(1000 60 KG BAGS)",0.0000
0711100,"Coffee, Green",VM,"Vietnam",1993,1993,00,114,"Soluble Exports",02,"(1000 60 KG BAGS)",0.0000
0711100,"Coffee, Green",VM,"Vietnam",1993,1993,00,082,"Soluble Imports",02,"(1000 60 KG BAGS)",0.0000
0711100,"Coffee, Green",VM,"Vietnam",1993,1993,00,178,"Total Distribution",02,"(1000 60 KG BAGS)",2961.0000
0711100,"Coffee, Green",VM,"Vietnam",1993,1993,00,086,"Total Supply",02,"(1000 60 KG BAGS)",2961.0000
0711100,"Coffee, Green",VM,"Vietnam",1994,1994,00,029,"Arabica Production",02,"(1000 60 KG BAGS)",0.0000
0711100,"Coffee, Green",VM,"Vietnam",1994,1994,00,090,"Bean Exports",02,"(1000 60 KG BAGS)",3200.0000
0711100,"Coffee, Green",VM,"Vietnam",1994,1994,00,058,"Bean Imports",02,"(1000 60 KG BAGS)",0.0000
0711100,"Coffee, Green",VM,"Vietnam",1994,1994,00,020,"Beginning Stocks",02,"(1000 60 KG BAGS)",55.0000
0711100,"Coffee, Green",VM,"Vietnam",1994,1994,00,125,"Domestic Consumption",02,"(1000 60 KG BAGS)",167.0000
0711100,"Coffee, Green",VM,"Vietnam",1994,1994,00,176,"Ending Stocks",02,"(1000 60 KG BAGS)",188.0000
0711100,"Coffee, Green",VM,"Vietnam",1994,1994,00,088,"Exports",02,"(1000 60 KG BAGS)",3200.0000
0711100,"Coffee, Green",VM,"Vietnam",1994,1994,00,057,"Imports",02,"(1000 60 KG BAGS)",0.0000
0711100,"Coffee, Green",VM,"Vietnam",1994,1994,00,056,"Other Production",02,"(1000 60 KG BAGS)",0.0000
0711100,"Coffee, Green",VM,"Vietnam",1994,1994,00,028,"Production",02,"(1000 60 KG BAGS)",3500.0000
0711100,"Coffee, Green",VM,"Vietnam",1994,1994,00,107,"Roast & Ground Exports",02,"(1000 60 KG BAGS)",0.0000
0711100,"Coffee, Green",VM,"Vietnam",1994,1994,00,075,"Roast & Ground Imports",02,"(1000 60 KG BAGS)",0.0000
0711100,"Coffee, Green",VM,"Vietnam",1994,1994,00,053,"Robusta Production",02,"(1000 60 KG BAGS)",3500.0000
0711100,"Coffee, Green",VM,"Vietnam",1994,1994,00,141,"Rst,Ground Dom. Consum",02,"(1000 60 KG BAGS)",167.0000
0711100,"Coffee, Green",VM,"Vietnam",1994,1994,00,154,"Soluble Dom. Cons.",02,"(1000 60 KG BAGS)",0.0000
0711100,"Coffee, Green",VM,"Vietnam",1994,1994,00,114,"Soluble Exports",02,"(1000 60 KG BAGS)",0.0000
0711100,"Coffee, Green",VM,"Vietnam",1994,1994,00,082,"Soluble Imports",02,"(1000 60 KG BAGS)",0.0000
0711100,"Coffee, Green",VM,"Vietnam",1994,1994,00,178,"Total Distribution",02,"(1000 60 KG BAGS)",3555.0000
0711100,"Coffee, Green",VM,"Vietnam",1994,1994,00,086,"Total Supply",02,"(1000 60 KG BAGS)",3555.0000
0711100,"Coffee, Green",VM,"Vietnam",1995,1995,00,029,"Arabica Production",02,"(1000 60 KG BAGS)",17.0000
0711100,"Coffee, Green",VM,"Vietnam",1995,1995,00,090,"Bean Exports",02,"(1000 60 KG BAGS)",3679.0000
0711100,"Coffee, Green",VM,"Vietnam",1995,1995,00,058,"Bean Imports",02,"(1000 60 KG BAGS)",33.0000
0711100,"Coffee, Green",VM,"Vietnam",1995,1995,00,020,"Beginning Stocks",02,"(1000 60 KG BAGS)",188.0000
0711100,"Coffee, Green",VM,"Vietnam",1995,1995,00,125,"Domestic Consumption",02,"(1000 60 KG BAGS)",217.0000
0711100,"Coffee, Green",VM,"Vietnam",1995,1995,00,176,"Ending Stocks",02,"(1000 60 KG BAGS)",242.0000
0711100,"Coffee, Green",VM,"Vietnam",1995,1995,00,088,"Exports",02,"(1000 60 KG BAGS)",3679.0000
0711100,"Coffee, Green",VM,"Vietnam",1995,1995,00,057,"Imports",02,"(1000 60 KG BAGS)",33.0000
0711100,"Coffee, Green",VM,"Vietnam",1995,1995,00,056,"Other Production",02,"(1000 60 KG BAGS)",0.0000
0711100,"Coffee, Green",VM,"Vietnam",1995,1995,00,028,"Production",02,"(1000 60 KG BAGS)",3917.0000
0711100,"Coffee, Green",VM,"Vietnam",1995,1995,00,107,"Roast & Ground Exports",02,"(1000 60 KG BAGS)",0.0000
0711100,"Coffee, Green",VM,"Vietnam",1995,1995,00,075,"Roast & Ground Imports",02,"(1000 60 KG BAGS)",0.0000
0711100,"Coffee, Green",VM,"Vietnam",1995,1995,00,053,"Robusta Production",02,"(1000 60 KG BAGS)",3900.0000
0711100,"Coffee, Green",VM,"Vietnam",1995,1995,00,141,"Rst,Ground Dom. Consum",02,"(1000 60 KG BAGS)",217.0000
0711100,"Coffee, Green",VM,"Vietnam",1995,1995,00,154,"Soluble Dom. Cons.",02,"(1000 60 KG BAGS)",0.0000
0711100,"Coffee, Green",VM,"Vietnam",1995,1995,00,114,"Soluble Exports",02,"(1000 60 KG BAGS)",0.0000
0711100,"Coffee, Green",VM,"Vietnam",1995,1995,00,082,"Soluble Imports",02,"(1000 60 KG BAGS)",0.0000
0711100,"Coffee, Green",VM,"Vietnam",1995,1995,00,178,"Total Distribution",02,"(1000 60 KG BAGS)",4138.0000
0711100,"Coffee, Green",VM,"Vietnam",1995,1995,00,086,"Total Supply",02,"(1000 60 KG BAGS)",4138.0000
0711100,"Coffee, Green",VM,"Vietnam",1996,1996,00,029,"Arabica Production",02,"(1000 60 KG BAGS)",50.0000
0711100,"Coffee, Green",VM,"Vietnam",1996,1996,00,090,"Bean Exports",02,"(1000 60 KG BAGS)",5422.0000
0711100,"Coffee, Green",VM,"Vietnam",1996,1996,00,058,"Bean Imports",02,"(1000 60 KG BAGS)",0.0000
0711100,"Coffee, Green",VM,"Vietnam",1996,1996,00,020,"Beginning Stocks",02,"(1000 60 KG BAGS)",242.0000
0711100,"Coffee, Green",VM,"Vietnam",1996,1996,00,125,"Domestic Consumption",02,"(1000 60 KG BAGS)",287.0000
0711100,"Coffee, Green",VM,"Vietnam",1996,1996,00,176,"Ending Stocks",02,"(1000 60 KG BAGS)",283.0000
0711100,"Coffee, Green",VM,"Vietnam",1996,1996,00,088,"Exports",02,"(1000 60 KG BAGS)",5422.0000
0711100,"Coffee, Green",VM,"Vietnam",1996,1996,00,057,"Imports",02,"(1000 60 KG BAGS)",0.0000
0711100,"Coffee, Green",VM,"Vietnam",1996,1996,00,056,"Other Production",02,"(1000 60 KG BAGS)",0.0000
0711100,"Coffee, Green",VM,"Vietnam",1996,1996,00,028,"Production",02,"(1000 60 KG BAGS)",5750.0000
0711100,"Coffee, Green",VM,"Vietnam",1996,1996,00,107,"Roast & Ground Exports",02,"(1000 60 KG BAGS)",0.0000
0711100,"Coffee, Green",VM,"Vietnam",1996,1996,00,075,"Roast & Ground Imports",02,"(1000 60 KG BAGS)",0.0000
0711100,"Coffee, Green",VM,"Vietnam",1996,1996,00,053,"Robusta Production",02,"(1000 60 KG BAGS)",5700.0000
0711100,"Coffee, Green",VM,"Vietnam",1996,1996,00,141,"Rst,Ground Dom. Consum",02,"(1000 60 KG BAGS)",287.0000
0711100,"Coffee, Green",VM,"Vietnam",1996,1996,00,154,"Soluble Dom. Cons.",02,"(1000 60 KG BAGS)",0.0000
0711100,"Coffee, Green",VM,"Vietnam",1996,1996,00,114,"Soluble Exports",02,"(1000 60 KG BAGS)",0.0000
0711100,"Coffee, Green",VM,"Vietnam",1996,1996,00,082,"Soluble Imports",02,"(1000 60 KG BAGS)",0.0000
0711100,"Coffee, Green",VM,"Vietnam",1996,1996,00,178,"Total Distribution",02,"(1000 60 KG BAGS)",5992.0000
0711100,"Coffee, Green",VM,"Vietnam",1996,1996,00,086,"Total Supply",02,"(1000 60 KG BAGS)",5992.0000
0711100,"Coffee, Green",VM,"Vietnam",1997,1997,00,029,"Arabica Production",02,"(1000 60 KG BAGS)",67.0000
0711100,"Coffee, Green",VM,"Vietnam",1997,1997,00,090,"Bean Exports",02,"(1000 60 KG BAGS)",6500.0000
0711100,"Coffee, Green",VM,"Vietnam",1997,1997,00,058,"Bean Imports",02,"(1000 60 KG BAGS)",0.0000
0711100,"Coffee, Green",VM,"Vietnam",1997,1997,00,020,"Beginning Stocks",02,"(1000 60 KG BAGS)",283.0000
0711100,"Coffee, Green",VM,"Vietnam",1997,1997,00,125,"Domestic Consumption",02,"(1000 60 KG BAGS)",283.0000
0711100,"Coffee, Green",VM,"Vietnam",1997,1997,00,176,"Ending Stocks",02,"(1000 60 KG BAGS)",500.0000
0711100,"Coffee, Green",VM,"Vietnam",1997,1997,00,088,"Exports",02,"(1000 60 KG BAGS)",6500.0000
0711100,"Coffee, Green",VM,"Vietnam",1997,1997,00,057,"Imports",02,"(1000 60 KG BAGS)",0.0000
0711100,"Coffee, Green",VM,"Vietnam",1997,1997,00,056,"Other Production",02,"(1000 60 KG BAGS)",0.0000
0711100,"Coffee, Green",VM,"Vietnam",1997,1997,00,028,"Production",02,"(1000 60 KG BAGS)",7000.0000
0711100,"Coffee, Green",VM,"Vietnam",1997,1997,00,107,"Roast & Ground Exports",02,"(1000 60 KG BAGS)",0.0000
0711100,"Coffee, Green",VM,"Vietnam",1997,1997,00,075,"Roast & Ground Imports",02,"(1000 60 KG BAGS)",0.0000
0711100,"Coffee, Green",VM,"Vietnam",1997,1997,00,053,"Robusta Production",02,"(1000 60 KG BAGS)",6933.0000
0711100,"Coffee, Green",VM,"Vietnam",1997,1997,00,141,"Rst,Ground Dom. Consum",02,"(1000 60 KG BAGS)",283.0000
0711100,"Coffee, Green",VM,"Vietnam",1997,1997,00,154,"Soluble Dom. Cons.",02,"(1000 60 KG BAGS)",0.0000
0711100,"Coffee, Green",VM,"Vietnam",1997,1997,00,114,"Soluble Exports",02,"(1000 60 KG BAGS)",0.0000
0711100,"Coffee, Green",VM,"Vietnam",1997,1997,00,082,"Soluble Imports",02,"(1000 60 KG BAGS)",0.0000
0711100,"Coffee, Green",VM,"Vietnam",1997,1997,00,178,"Total Distribution",02,"(1000 60 KG BAGS)",7283.0000
0711100,"Coffee, Green",VM,"Vietnam",1997,1997,00,086,"Total Supply",02,"(1000 60 KG BAGS)",7283.0000
0711100,"Coffee, Green",VM,"Vietnam",1998,1998,00,029,"Arabica Production",02,"(1000 60 KG BAGS)",67.0000
0711100,"Coffee, Green",VM,"Vietnam",1998,1998,00,090,"Bean Exports",02,"(1000 60 KG BAGS)",6667.0000
0711100,"Coffee, Green",VM,"Vietnam",1998,1998,00,058,"Bean Imports",02,"(1000 60 KG BAGS)",0.0000
0711100,"Coffee, Green",VM,"Vietnam",1998,1998,00,020,"Beginning Stocks",02,"(1000 60 KG BAGS)",500.0000
0711100,"Coffee, Green",VM,"Vietnam",1998,1998,00,125,"Domestic Consumption",02,"(1000 60 KG BAGS)",300.0000
0711100,"Coffee, Green",VM,"Vietnam",1998,1998,00,176,"Ending Stocks",02,"(1000 60 KG BAGS)",1033.0000
0711100,"Coffee, Green",VM,"Vietnam",1998,1998,00,088,"Exports",02,"(1000 60 KG BAGS)",6667.0000
0711100,"Coffee, Green",VM,"Vietnam",1998,1998,00,057,"Imports",02,"(1000 60 KG BAGS)",0.0000
0711100,"Coffee, Green",VM,"Vietnam",1998,1998,00,056,"Other Production",02,"(1000 60 KG BAGS)",0.0000
0711100,"Coffee, Green",VM,"Vietnam",1998,1998,00,028,"Production",02,"(1000 60 KG BAGS)",7500.0000
0711100,"Coffee, Green",VM,"Vietnam",1998,1998,00,107,"Roast & Ground Exports",02,"(1000 60 KG BAGS)",0.0000
0711100,"Coffee, Green",VM,"Vietnam",1998,1998,00,075,"Roast & Ground Imports",02,"(1000 60 KG BAGS)",0.0000
0711100,"Coffee, Green",VM,"Vietnam",1998,1998,00,053,"Robusta Production",02,"(1000 60 KG BAGS)",7433.0000
0711100,"Coffee, Green",VM,"Vietnam",1998,1998,00,141,"Rst,Ground Dom. Consum",02,"(1000 60 KG BAGS)",300.0000
0711100,"Coffee, Green",VM,"Vietnam",1998,1998,00,154,"Soluble Dom. Cons.",02,"(1000 60 KG BAGS)",0.0000
0711100,"Coffee, Green",VM,"Vietnam",1998,1998,00,114,"Soluble Exports",02,"(1000 60 KG BAGS)",0.0000
0711100,"Coffee, Green",VM,"Vietnam",1998,1998,00,082,"Soluble Imports",02,"(1000 60 KG BAGS)",0.0000
0711100,"Coffee, Green",VM,"Vietnam",1998,1998,00,178,"Total Distribution",02,"(1000 60 KG BAGS)",8000.0000
0711100,"Coffee, Green",VM,"Vietnam",1998,1998,00,086,"Total Supply",02,"(1000 60 KG BAGS)",8000.0000
0711100,"Coffee, Green",VM,"Vietnam",1999,1999,00,029,"Arabica Production",02,"(1000 60 KG BAGS)",90.0000
0711100,"Coffee, Green",VM,"Vietnam",1999,1999,00,090,"Bean Exports",02,"(1000 60 KG BAGS)",11433.0000
0711100,"Coffee, Green",VM,"Vietnam",1999,1999,00,058,"Bean Imports",02,"(1000 60 KG BAGS)",0.0000
0711100,"Coffee, Green",VM,"Vietnam",1999,1999,00,020,"Beginning Stocks",02,"(1000 60 KG BAGS)",1033.0000
0711100,"Coffee, Green",VM,"Vietnam",1999,1999,00,125,"Domestic Consumption",02,"(1000 60 KG BAGS)",350.0000
0711100,"Coffee, Green",VM,"Vietnam",1999,1999,00,176,"Ending Stocks",02,"(1000 60 KG BAGS)",260.0000
0711100,"Coffee, Green",VM,"Vietnam",1999,1999,00,088,"Exports",02,"(1000 60 KG BAGS)",11433.0000
0711100,"Coffee, Green",VM,"Vietnam",1999,1999,00,057,"Imports",02,"(1000 60 KG BAGS)",0.0000
0711100,"Coffee, Green",VM,"Vietnam",1999,1999,00,056,"Other Production",02,"(1000 60 KG BAGS)",0.0000
0711100,"Coffee, Green",VM,"Vietnam",1999,1999,00,028,"Production",02,"(1000 60 KG BAGS)",11010.0000
0711100,"Coffee, Green",VM,"Vietnam",1999,1999,00,107,"Roast & Ground Exports",02,"(1000 60 KG BAGS)",0.0000
0711100,"Coffee, Green",VM,"Vietnam",1999,1999,00,075,"Roast & Ground Imports",02,"(1000 60 KG BAGS)",0.0000
0711100,"Coffee, Green",VM,"Vietnam",1999,1999,00,053,"Robusta Production",02,"(1000 60 KG BAGS)",10920.0000
0711100,"Coffee, Green",VM,"Vietnam",1999,1999,00,141,"Rst,Ground Dom. Consum",02,"(1000 60 KG BAGS)",350.0000
0711100,"Coffee, Green",VM,"Vietnam",1999,1999,00,154,"Soluble Dom. Cons.",02,"(1000 60 KG BAGS)",0.0000
0711100,"Coffee, Green",VM,"Vietnam",1999,1999,00,114,"Soluble Exports",02,"(1000 60 KG BAGS)",0.0000
0711100,"Coffee, Green",VM,"Vietnam",1999,1999,00,082,"Soluble Imports",02,"(1000 60 KG BAGS)",0.0000
0711100,"Coffee, Green",VM,"Vietnam",1999,1999,00,178,"Total Distribution",02,"(1000 60 KG BAGS)",12043.0000
0711100,"Coffee, Green",VM,"Vietnam",1999,1999,00,086,"Total Supply",02,"(1000 60 KG BAGS)",12043.0000
0711100,"Coffee, Green",VM,"Vietnam",2000,2000,00,029,"Arabica Production",02,"(1000 60 KG BAGS)",117.0000
0711100,"Coffee, Green",VM,"Vietnam",2000,2000,00,090,"Bean Exports",02,"(1000 60 KG BAGS)",14667.0000
0711100,"Coffee, Green",VM,"Vietnam",2000,2000,00,058,"Bean Imports",02,"(1000 60 KG BAGS)",0.0000
0711100,"Coffee, Green",VM,"Vietnam",2000,2000,00,020,"Beginning Stocks",02,"(1000 60 KG BAGS)",260.0000
0711100,"Coffee, Green",VM,"Vietnam",2000,2000,00,125,"Domestic Consumption",02,"(1000 60 KG BAGS)",417.0000
0711100,"Coffee, Green",VM,"Vietnam",2000,2000,00,176,"Ending Stocks",02,"(1000 60 KG BAGS)",509.0000
0711100,"Coffee, Green",VM,"Vietnam",2000,2000,00,088,"Exports",02,"(1000 60 KG BAGS)",14667.0000
0711100,"Coffee, Green",VM,"Vietnam",2000,2000,00,057,"Imports",02,"(1000 60 KG BAGS)",0.0000
0711100,"Coffee, Green",VM,"Vietnam",2000,2000,00,056,"Other Production",02,"(1000 60 KG BAGS)",0.0000
0711100,"Coffee, Green",VM,"Vietnam",2000,2000,00,028,"Production",02,"(1000 60 KG BAGS)",15333.0000
0711100,"Coffee, Green",VM,"Vietnam",2000,2000,00,107,"Roast & Ground Exports",02,"(1000 60 KG BAGS)",0.0000
0711100,"Coffee, Green",VM,"Vietnam",2000,2000,00,075,"Roast & Ground Imports",02,"(1000 60 KG BAGS)",0.0000
0711100,"Coffee, Green",VM,"Vietnam",2000,2000,00,053,"Robusta Production",02,"(1000 60 KG BAGS)",15216.0000
0711100,"Coffee, Green",VM,"Vietnam",2000,2000,00,141,"Rst,Ground Dom. Consum",02,"(1000 60 KG BAGS)",417.0000
0711100,"Coffee, Green",VM,"Vietnam",2000,2000,00,154,"Soluble Dom. Cons.",02,"(1000 60 KG BAGS)",0.0000
0711100,"Coffee, Green",VM,"Vietnam",2000,2000,00,114,"Soluble Exports",02,"(1000 60 KG BAGS)",0.0000
0711100,"Coffee, Green",VM,"Vietnam",2000,2000,00,082,"Soluble Imports",02,"(1000 60 KG BAGS)",0.0000
0711100,"Coffee, Green",VM,"Vietnam",2000,2000,00,178,"Total Distribution",02,"(1000 60 KG BAGS)",15593.0000
0711100,"Coffee, Green",VM,"Vietnam",2000,2000,00,086,"Total Supply",02,"(1000 60 KG BAGS)",15593.0000
0711100,"Coffee, Green",VM,"Vietnam",2001,2001,00,029,"Arabica Production",02,"(1000 60 KG BAGS)",166.0000
0711100,"Coffee, Green",VM,"Vietnam",2001,2001,00,090,"Bean Exports",02,"(1000 60 KG BAGS)",12000.0000
0711100,"Coffee, Green",VM,"Vietnam",2001,2001,00,058,"Bean Imports",02,"(1000 60 KG BAGS)",0.0000
0711100,"Coffee, Green",VM,"Vietnam",2001,2001,00,020,"Beginning Stocks",02,"(1000 60 KG BAGS)",509.0000
0711100,"Coffee, Green",VM,"Vietnam",2001,2001,00,125,"Domestic Consumption",02,"(1000 60 KG BAGS)",500.0000
0711100,"Coffee, Green",VM,"Vietnam",2001,2001,00,176,"Ending Stocks",02,"(1000 60 KG BAGS)",842.0000
0711100,"Coffee, Green",VM,"Vietnam",2001,2001,00,088,"Exports",02,"(1000 60 KG BAGS)",12000.0000
0711100,"Coffee, Green",VM,"Vietnam",2001,2001,00,057,"Imports",02,"(1000 60 KG BAGS)",0.0000
0711100,"Coffee, Green",VM,"Vietnam",2001,2001,00,056,"Other Production",02,"(1000 60 KG BAGS)",0.0000
0711100,"Coffee, Green",VM,"Vietnam",2001,2001,00,028,"Production",02,"(1000 60 KG BAGS)",12833.0000
0711100,"Coffee, Green",VM,"Vietnam",2001,2001,00,107,"Roast & Ground Exports",02,"(1000 60 KG BAGS)",0.0000
0711100,"Coffee, Green",VM,"Vietnam",2001,2001,00,075,"Roast & Ground Imports",02,"(1000 60 KG BAGS)",0.0000
0711100,"Coffee, Green",VM,"Vietnam",2001,2001,00,053,"Robusta Production",02,"(1000 60 KG BAGS)",12667.0000
0711100,"Coffee, Green",VM,"Vietnam",2001,2001,00,141,"Rst,Ground Dom. Consum",02,"(1000 60 KG BAGS)",500.0000
0711100,"Coffee, Green",VM,"Vietnam",2001,2001,00,154,"Soluble Dom. Cons.",02,"(1000 60 KG BAGS)",0.0000
0711100,"Coffee, Green",VM,"Vietnam",2001,2001,00,114,"Soluble Exports",02,"(1000 60 KG BAGS)",0.0000
0711100,"Coffee, Green",VM,"Vietnam",2001,2001,00,082,"Soluble Imports",02,"(1000 60 KG BAGS)",0.0000
0711100,"Coffee, Green",VM,"Vietnam",2001,2001,00,178,"Total Distribution",02,"(1000 60 KG BAGS)",13342.0000
0711100,"Coffee, Green",VM,"Vietnam",2001,2001,00,086,"Total Supply",02,"(1000 60 KG BAGS)",13342.0000
0711100,"Coffee, Green",VM,"Vietnam",2002,2002,00,029,"Arabica Production",02,"(1000 60 KG BAGS)",250.0000
0711100,"Coffee, Green",VM,"Vietnam",2002,2002,00,090,"Bean Exports",02,"(1000 60 KG BAGS)",11176.0000
0711100,"Coffee, Green",VM,"Vietnam",2002,2002,00,058,"Bean Imports",02,"(1000 60 KG BAGS)",0.0000
0711100,"Coffee, Green",VM,"Vietnam",2002,2002,00,020,"Beginning Stocks",02,"(1000 60 KG BAGS)",842.0000
0711100,"Coffee, Green",VM,"Vietnam",2002,2002,00,125,"Domestic Consumption",02,"(1000 60 KG BAGS)",500.0000
0711100,"Coffee, Green",VM,"Vietnam",2002,2002,00,176,"Ending Stocks",02,"(1000 60 KG BAGS)",333.0000
0711100,"Coffee, Green",VM,"Vietnam",2002,2002,00,088,"Exports",02,"(1000 60 KG BAGS)",11176.0000
0711100,"Coffee, Green",VM,"Vietnam",2002,2002,00,057,"Imports",02,"(1000 60 KG BAGS)",0.0000
0711100,"Coffee, Green",VM,"Vietnam",2002,2002,00,056,"Other Production",02,"(1000 60 KG BAGS)",0.0000
0711100,"Coffee, Green",VM,"Vietnam",2002,2002,00,028,"Production",02,"(1000 60 KG BAGS)",11167.0000
0711100,"Coffee, Green",VM,"Vietnam",2002,2002,00,107,"Roast & Ground Exports",02,"(1000 60 KG BAGS)",0.0000
0711100,"Coffee, Green",VM,"Vietnam",2002,2002,00,075,"Roast & Ground Imports",02,"(1000 60 KG BAGS)",0.0000
0711100,"Coffee, Green",VM,"Vietnam",2002,2002,00,053,"Robusta Production",02,"(1000 60 KG BAGS)",10917.0000
0711100,"Coffee, Green",VM,"Vietnam",2002,2002,00,141,"Rst,Ground Dom. Consum",02,"(1000 60 KG BAGS)",500.0000
0711100,"Coffee, Green",VM,"Vietnam",2002,2002,00,154,"Soluble Dom. Cons.",02,"(1000 60 KG BAGS)",0.0000
0711100,"Coffee, Green",VM,"Vietnam",2002,2002,00,114,"Soluble Exports",02,"(1000 60 KG BAGS)",0.0000
0711100,"Coffee, Green",VM,"Vietnam",2002,2002,00,082,"Soluble Imports",02,"(1000 60 KG BAGS)",0.0000
0711100,"Coffee, Green",VM,"Vietnam",2002,2002,00,178,"Total Distribution",02,"(1000 60 KG BAGS)",12009.0000
0711100,"Coffee, Green",VM,"Vietnam",2002,2002,00,086,"Total Supply",02,"(1000 60 KG BAGS)",12009.0000
0711100,"Coffee, Green",VM,"Vietnam",2003,2010,06,029,"Arabica Production",02,"(1000 60 KG BAGS)",266.0000
0711100,"Coffee, Green",VM,"Vietnam",2003,2010,06,090,"Bean Exports",02,"(1000 60 KG BAGS)",14000.0000
0711100,"Coffee, Green",VM,"Vietnam",2003,2010,06,058,"Bean Imports",02,"(1000 60 KG BAGS)",0.0000
0711100,"Coffee, Green",VM,"Vietnam",2003,2010,06,020,"Beginning Stocks",02,"(1000 60 KG BAGS)",333.0000
0711100,"Coffee, Green",VM,"Vietnam",2003,2010,06,125,"Domestic Consumption",02,"(1000 60 KG BAGS)",550.0000
0711100,"Coffee, Green",VM,"Vietnam",2003,2010,06,176,"Ending Stocks",02,"(1000 60 KG BAGS)",708.0000
0711100,"Coffee, Green",VM,"Vietnam",2003,2010,06,088,"Exports",02,"(1000 60 KG BAGS)",14075.0000
0711100,"Coffee, Green",VM,"Vietnam",2003,2010,06,057,"Imports",02,"(1000 60 KG BAGS)",0.0000
0711100,"Coffee, Green",VM,"Vietnam",2003,2010,06,056,"Other Production",02,"(1000 60 KG BAGS)",0.0000
0711100,"Coffee, Green",VM,"Vietnam",2003,2010,06,028,"Production",02,"(1000 60 KG BAGS)",15000.0000
0711100,"Coffee, Green",VM,"Vietnam",2003,2010,06,107,"Roast & Ground Exports",02,"(1000 60 KG BAGS)",25.0000
0711100,"Coffee, Green",VM,"Vietnam",2003,2010,06,075,"Roast & Ground Imports",02,"(1000 60 KG BAGS)",0.0000
0711100,"Coffee, Green",VM,"Vietnam",2003,2010,06,053,"Robusta Production",02,"(1000 60 KG BAGS)",14734.0000
0711100,"Coffee, Green",VM,"Vietnam",2003,2010,06,141,"Rst,Ground Dom. Consum",02,"(1000 60 KG BAGS)",525.0000
0711100,"Coffee, Green",VM,"Vietnam",2003,2010,06,154,"Soluble Dom. Cons.",02,"(1000 60 KG BAGS)",25.0000
0711100,"Coffee, Green",VM,"Vietnam",2003,2010,06,114,"Soluble Exports",02,"(1000 60 KG BAGS)",50.0000
0711100,"Coffee, Green",VM,"Vietnam",2003,2010,06,082,"Soluble Imports",02,"(1000 60 KG BAGS)",0.0000
0711100,"Coffee, Green",VM,"Vietnam",2003,2010,06,178,"Total Distribution",02,"(1000 60 KG BAGS)",15333.0000
0711100,"Coffee, Green",VM,"Vietnam",2003,2010,06,086,"Total Supply",02,"(1000 60 KG BAGS)",15333.0000
0711100,"Coffee, Green",VM,"Vietnam",2004,2010,12,029,"Arabica Production",02,"(1000 60 KG BAGS)",383.0000
0711100,"Coffee, Green",VM,"Vietnam",2004,2010,12,090,"Bean Exports",02,"(1000 60 KG BAGS)",14275.0000
0711100,"Coffee, Green",VM,"Vietnam",2004,2010,12,058,"Bean Imports",02,"(1000 60 KG BAGS)",25.0000
0711100,"Coffee, Green",VM,"Vietnam",2004,2010,12,020,"Beginning Stocks",02,"(1000 60 KG BAGS)",708.0000
0711100,"Coffee, Green",VM,"Vietnam",2004,2010,12,125,"Domestic Consumption",02,"(1000 60 KG BAGS)",610.0000
0711100,"Coffee, Green",VM,"Vietnam",2004,2010,12,176,"Ending Stocks",02,"(1000 60 KG BAGS)",223.0000
0711100,"Coffee, Green",VM,"Vietnam",2004,2010,12,088,"Exports",02,"(1000 60 KG BAGS)",14400.0000
0711100,"Coffee, Green",VM,"Vietnam",2004,2010,12,057,"Imports",02,"(1000 60 KG BAGS)",25.0000
0711100,"Coffee, Green",VM,"Vietnam",2004,2010,12,056,"Other Production",02,"(1000 60 KG BAGS)",0.0000
0711100,"Coffee, Green",VM,"Vietnam",2004,2010,12,028,"Production",02,"(1000 60 KG BAGS)",14500.0000
0711100,"Coffee, Green",VM,"Vietnam",2004,2010,12,107,"Roast & Ground Exports",02,"(1000 60 KG BAGS)",25.0000
0711100,"Coffee, Green",VM,"Vietnam",2004,2010,12,075,"Roast & Ground Imports",02,"(1000 60 KG BAGS)",0.0000
0711100,"Coffee, Green",VM,"Vietnam",2004,2010,12,053,"Robusta Production",02,"(1000 60 KG BAGS)",14117.0000
0711100,"Coffee, Green",VM,"Vietnam",2004,2010,12,141,"Rst,Ground Dom. Consum",02,"(1000 60 KG BAGS)",575.0000
0711100,"Coffee, Green",VM,"Vietnam",2004,2010,12,154,"Soluble Dom. Cons.",02,"(1000 60 KG BAGS)",35.0000
0711100,"Coffee, Green",VM,"Vietnam",2004,2010,12,114,"Soluble Exports",02,"(1000 60 KG BAGS)",100.0000
0711100,"Coffee, Green",VM,"Vietnam",2004,2010,12,082,"Soluble Imports",02,"(1000 60 KG BAGS)",0.0000
0711100,"Coffee, Green",VM,"Vietnam",2004,2010,12,178,"Total Distribution",02,"(1000 60 KG BAGS)",15233.0000
0711100,"Coffee, Green",VM,"Vietnam",2004,2010,12,086,"Total Supply",02,"(1000 60 KG BAGS)",15233.0000
0711100,"Coffee, Green",VM,"Vietnam",2005,2012,12,029,"Arabica Production",02,"(1000 60 KG BAGS)",335.0000
0711100,"Coffee, Green",VM,"Vietnam",2005,2012,12,090,"Bean Exports",02,"(1000 60 KG BAGS)",15660.0000
0711100,"Coffee, Green",VM,"Vietnam",2005,2012,12,058,"Bean Imports",02,"(1000 60 KG BAGS)",50.0000
0711100,"Coffee, Green",VM,"Vietnam",2005,2012,12,020,"Beginning Stocks",02,"(1000 60 KG BAGS)",223.0000
0711100,"Coffee, Green",VM,"Vietnam",2005,2012,12,125,"Domestic Consumption",02,"(1000 60 KG BAGS)",665.0000
0711100,"Coffee, Green",VM,"Vietnam",2005,2012,12,176,"Ending Stocks",02,"(1000 60 KG BAGS)",219.0000
0711100,"Coffee, Green",VM,"Vietnam",2005,2012,12,088,"Exports",02,"(1000 60 KG BAGS)",15748.0000
0711100,"Coffee, Green",VM,"Vietnam",2005,2012,12,057,"Imports",02,"(1000 60 KG BAGS)",74.0000
0711100,"Coffee, Green",VM,"Vietnam",2005,2012,12,056,"Other Production",02,"(1000 60 KG BAGS)",0.0000
0711100,"Coffee, Green",VM,"Vietnam",2005,2012,12,028,"Production",02,"(1000 60 KG BAGS)",16335.0000
0711100,"Coffee, Green",VM,"Vietnam",2005,2012,12,107,"Roast & Ground Exports",02,"(1000 60 KG BAGS)",20.0000
0711100,"Coffee, Green",VM,"Vietnam",2005,2012,12,075,"Roast & Ground Imports",02,"(1000 60 KG BAGS)",1.0000
0711100,"Coffee, Green",VM,"Vietnam",2005,2012,12,053,"Robusta Production",02,"(1000 60 KG BAGS)",16000.0000
0711100,"Coffee, Green",VM,"Vietnam",2005,2012,12,141,"Rst,Ground Dom. Consum",02,"(1000 60 KG BAGS)",625.0000
0711100,"Coffee, Green",VM,"Vietnam",2005,2012,12,154,"Soluble Dom. Cons.",02,"(1000 60 KG BAGS)",40.0000
0711100,"Coffee, Green",VM,"Vietnam",2005,2012,12,114,"Soluble Exports",02,"(1000 60 KG BAGS)",68.0000
0711100,"Coffee, Green",VM,"Vietnam",2005,2012,12,082,"Soluble Imports",02,"(1000 60 KG BAGS)",23.0000
0711100,"Coffee, Green",VM,"Vietnam",2005,2012,12,178,"Total Distribution",02,"(1000 60 KG BAGS)",16632.0000
0711100,"Coffee, Green",VM,"Vietnam",2005,2012,12,086,"Total Supply",02,"(1000 60 KG BAGS)",16632.0000
0711100,"Coffee, Green",VM,"Vietnam",2006,2012,12,029,"Arabica Production",02,"(1000 60 KG BAGS)",500.0000
0711100,"Coffee, Green",VM,"Vietnam",2006,2012,12,090,"Bean Exports",02,"(1000 60 KG BAGS)",18740.0000
0711100,"Coffee, Green",VM,"Vietnam",2006,2012,12,058,"Bean Imports",02,"(1000 60 KG BAGS)",79.0000
0711100,"Coffee, Green",VM,"Vietnam",2006,2012,12,020,"Beginning Stocks",02,"(1000 60 KG BAGS)",219.0000
0711100,"Coffee, Green",VM,"Vietnam",2006,2012,12,125,"Domestic Consumption",02,"(1000 60 KG BAGS)",750.0000
0711100,"Coffee, Green",VM,"Vietnam",2006,2012,12,176,"Ending Stocks",02,"(1000 60 KG BAGS)",244.0000
0711100,"Coffee, Green",VM,"Vietnam",2006,2012,12,088,"Exports",02,"(1000 60 KG BAGS)",18840.0000
0711100,"Coffee, Green",VM,"Vietnam",2006,2012,12,057,"Imports",02,"(1000 60 KG BAGS)",115.0000
0711100,"Coffee, Green",VM,"Vietnam",2006,2012,12,056,"Other Production",02,"(1000 60 KG BAGS)",0.0000
0711100,"Coffee, Green",VM,"Vietnam",2006,2012,12,028,"Production",02,"(1000 60 KG BAGS)",19500.0000
0711100,"Coffee, Green",VM,"Vietnam",2006,2012,12,107,"Roast & Ground Exports",02,"(1000 60 KG BAGS)",25.0000
0711100,"Coffee, Green",VM,"Vietnam",2006,2012,12,075,"Roast & Ground Imports",02,"(1000 60 KG BAGS)",1.0000
0711100,"Coffee, Green",VM,"Vietnam",2006,2012,12,053,"Robusta Production",02,"(1000 60 KG BAGS)",19000.0000
0711100,"Coffee, Green",VM,"Vietnam",2006,2012,12,141,"Rst,Ground Dom. Consum",02,"(1000 60 KG BAGS)",700.0000
0711100,"Coffee, Green",VM,"Vietnam",2006,2012,12,154,"Soluble Dom. Cons.",02,"(1000 60 KG BAGS)",50.0000
0711100,"Coffee, Green",VM,"Vietnam",2006,2012,12,114,"Soluble Exports",02,"(1000 60 KG BAGS)",75.0000
0711100,"Coffee, Green",VM,"Vietnam",2006,2012,12,082,"Soluble Imports",02,"(1000 60 KG BAGS)",35.0000
0711100,"Coffee, Green",VM,"Vietnam",2006,2012,12,178,"Total Distribution",02,"(1000 60 KG BAGS)",19834.0000
0711100,"Coffee, Green",VM,"Vietnam",2006,2012,12,086,"Total Supply",02,"(1000 60 KG BAGS)",19834.0000
0711100,"Coffee, Green",VM,"Vietnam",2007,2012,12,029,"Arabica Production",02,"(1000 60 KG BAGS)",400.0000
0711100,"Coffee, Green",VM,"Vietnam",2007,2012,12,090,"Bean Exports",02,"(1000 60 KG BAGS)",15600.0000
0711100,"Coffee, Green",VM,"Vietnam",2007,2012,12,058,"Bean Imports",02,"(1000 60 KG BAGS)",65.0000
0711100,"Coffee, Green",VM,"Vietnam",2007,2012,12,020,"Beginning Stocks",02,"(1000 60 KG BAGS)",244.0000
0711100,"Coffee, Green",VM,"Vietnam",2007,2012,12,125,"Domestic Consumption",02,"(1000 60 KG BAGS)",850.0000
0711100,"Coffee, Green",VM,"Vietnam",2007,2012,12,176,"Ending Stocks",02,"(1000 60 KG BAGS)",1747.0000
0711100,"Coffee, Green",VM,"Vietnam",2007,2012,12,088,"Exports",02,"(1000 60 KG BAGS)",15735.0000
0711100,"Coffee, Green",VM,"Vietnam",2007,2012,12,057,"Imports",02,"(1000 60 KG BAGS)",88.0000
0711100,"Coffee, Green",VM,"Vietnam",2007,2012,12,056,"Other Production",02,"(1000 60 KG BAGS)",0.0000
0711100,"Coffee, Green",VM,"Vietnam",2007,2012,12,028,"Production",02,"(1000 60 KG BAGS)",18000.0000
0711100,"Coffee, Green",VM,"Vietnam",2007,2012,12,107,"Roast & Ground Exports",02,"(1000 60 KG BAGS)",20.0000
0711100,"Coffee, Green",VM,"Vietnam",2007,2012,12,075,"Roast & Ground Imports",02,"(1000 60 KG BAGS)",1.0000
0711100,"Coffee, Green",VM,"Vietnam",2007,2012,12,053,"Robusta Production",02,"(1000 60 KG BAGS)",17600.0000
0711100,"Coffee, Green",VM,"Vietnam",2007,2012,12,141,"Rst,Ground Dom. Consum",02,"(1000 60 KG BAGS)",775.0000
0711100,"Coffee, Green",VM,"Vietnam",2007,2012,12,154,"Soluble Dom. Cons.",02,"(1000 60 KG BAGS)",75.0000
0711100,"Coffee, Green",VM,"Vietnam",2007,2012,12,114,"Soluble Exports",02,"(1000 60 KG BAGS)",115.0000
0711100,"Coffee, Green",VM,"Vietnam",2007,2012,12,082,"Soluble Imports",02,"(1000 60 KG BAGS)",22.0000
0711100,"Coffee, Green",VM,"Vietnam",2007,2012,12,178,"Total Distribution",02,"(1000 60 KG BAGS)",18332.0000
0711100,"Coffee, Green",VM,"Vietnam",2007,2012,12,086,"Total Supply",02,"(1000 60 KG BAGS)",18332.0000
0711100,"Coffee, Green",VM,"Vietnam",2008,2012,12,029,"Arabica Production",02,"(1000 60 KG BAGS)",480.0000
0711100,"Coffee, Green",VM,"Vietnam",2008,2012,12,090,"Bean Exports",02,"(1000 60 KG BAGS)",15430.0000
0711100,"Coffee, Green",VM,"Vietnam",2008,2012,12,058,"Bean Imports",02,"(1000 60 KG BAGS)",70.0000
0711100,"Coffee, Green",VM,"Vietnam",2008,2012,12,020,"Beginning Stocks",02,"(1000 60 KG BAGS)",1747.0000
0711100,"Coffee, Green",VM,"Vietnam",2008,2012,12,125,"Domestic Consumption",02,"(1000 60 KG BAGS)",950.0000
0711100,"Coffee, Green",VM,"Vietnam",2008,2012,12,176,"Ending Stocks",02,"(1000 60 KG BAGS)",2307.0000
0711100,"Coffee, Green",VM,"Vietnam",2008,2012,12,088,"Exports",02,"(1000 60 KG BAGS)",15565.0000
0711100,"Coffee, Green",VM,"Vietnam",2008,2012,12,057,"Imports",02,"(1000 60 KG BAGS)",95.0000
0711100,"Coffee, Green",VM,"Vietnam",2008,2012,12,056,"Other Production",02,"(1000 60 KG BAGS)",0.0000
0711100,"Coffee, Green",VM,"Vietnam",2008,2012,12,028,"Production",02,"(1000 60 KG BAGS)",16980.0000
0711100,"Coffee, Green",VM,"Vietnam",2008,2012,12,107,"Roast & Ground Exports",02,"(1000 60 KG BAGS)",25.0000
0711100,"Coffee, Green",VM,"Vietnam",2008,2012,12,075,"Roast & Ground Imports",02,"(1000 60 KG BAGS)",0.0000
0711100,"Coffee, Green",VM,"Vietnam",2008,2012,12,053,"Robusta Production",02,"(1000 60 KG BAGS)",16500.0000
0711100,"Coffee, Green",VM,"Vietnam",2008,2012,12,141,"Rst,Ground Dom. Consum",02,"(1000 60 KG BAGS)",850.0000
0711100,"Coffee, Green",VM,"Vietnam",2008,2012,12,154,"Soluble Dom. Cons.",02,"(1000 60 KG BAGS)",100.0000
0711100,"Coffee, Green",VM,"Vietnam",2008,2012,12,114,"Soluble Exports",02,"(1000 60 KG BAGS)",110.0000
0711100,"Coffee, Green",VM,"Vietnam",2008,2012,12,082,"Soluble Imports",02,"(1000 60 KG BAGS)",25.0000
0711100,"Coffee, Green",VM,"Vietnam",2008,2012,12,178,"Total Distribution",02,"(1000 60 KG BAGS)",18822.0000
0711100,"Coffee, Green",VM,"Vietnam",2008,2012,12,086,"Total Supply",02,"(1000 60 KG BAGS)",18822.0000
0711100,"Coffee, Green",VM,"Vietnam",2009,2012,12,029,"Arabica Production",02,"(1000 60 KG BAGS)",450.0000
0711100,"Coffee, Green",VM,"Vietnam",2009,2012,12,090,"Bean Exports",02,"(1000 60 KG BAGS)",18425.0000
0711100,"Coffee, Green",VM,"Vietnam",2009,2012,12,058,"Bean Imports",02,"(1000 60 KG BAGS)",50.0000
0711100,"Coffee, Green",VM,"Vietnam",2009,2012,12,020,"Beginning Stocks",02,"(1000 60 KG BAGS)",2307.0000
0711100,"Coffee, Green",VM,"Vietnam",2009,2012,12,125,"Domestic Consumption",02,"(1000 60 KG BAGS)",1200.0000
0711100,"Coffee, Green",VM,"Vietnam",2009,2012,12,176,"Ending Stocks",02,"(1000 60 KG BAGS)",1012.0000
0711100,"Coffee, Green",VM,"Vietnam",2009,2012,12,088,"Exports",02,"(1000 60 KG BAGS)",18670.0000
0711100,"Coffee, Green",VM,"Vietnam",2009,2012,12,057,"Imports",02,"(1000 60 KG BAGS)",75.0000
0711100,"Coffee, Green",VM,"Vietnam",2009,2012,12,056,"Other Production",02,"(1000 60 KG BAGS)",0.0000
0711100,"Coffee, Green",VM,"Vietnam",2009,2012,12,028,"Production",02,"(1000 60 KG BAGS)",18500.0000
0711100,"Coffee, Green",VM,"Vietnam",2009,2012,12,107,"Roast & Ground Exports",02,"(1000 60 KG BAGS)",50.0000
0711100,"Coffee, Green",VM,"Vietnam",2009,2012,12,075,"Roast & Ground Imports",02,"(1000 60 KG BAGS)",0.0000
0711100,"Coffee, Green",VM,"Vietnam",2009,2012,12,053,"Robusta Production",02,"(1000 60 KG BAGS)",18050.0000
0711100,"Coffee, Green",VM,"Vietnam",2009,2012,12,141,"Rst,Ground Dom. Consum",02,"(1000 60 KG BAGS)",1080.0000
0711100,"Coffee, Green",VM,"Vietnam",2009,2012,12,154,"Soluble Dom. Cons.",02,"(1000 60 KG BAGS)",120.0000
0711100,"Coffee, Green",VM,"Vietnam",2009,2012,12,114,"Soluble Exports",02,"(1000 60 KG BAGS)",195.0000
0711100,"Coffee, Green",VM,"Vietnam",2009,2012,12,082,"Soluble Imports",02,"(1000 60 KG BAGS)",25.0000
0711100,"Coffee, Green",VM,"Vietnam",2009,2012,12,178,"Total Distribution",02,"(1000 60 KG BAGS)",20882.0000
0711100,"Coffee, Green",VM,"Vietnam",2009,2012,12,086,"Total Supply",02,"(1000 60 KG BAGS)",20882.0000
0711100,"Coffee, Green",VM,"Vietnam",2010,2013,06,029,"Arabica Production",02,"(1000 60 KG BAGS)",650.0000
0711100,"Coffee, Green",VM,"Vietnam",2010,2013,06,090,"Bean Exports",02,"(1000 60 KG BAGS)",18215.0000
0711100,"Coffee, Green",VM,"Vietnam",2010,2013,06,058,"Bean Imports",02,"(1000 60 KG BAGS)",175.0000
0711100,"Coffee, Green",VM,"Vietnam",2010,2013,06,020,"Beginning Stocks",02,"(1000 60 KG BAGS)",1012.0000
0711100,"Coffee, Green",VM,"Vietnam",2010,2013,06,125,"Domestic Consumption",02,"(1000 60 KG BAGS)",1337.0000
0711100,"Coffee, Green",VM,"Vietnam",2010,2013,06,176,"Ending Stocks",02,"(1000 60 KG BAGS)",800.0000
0711100,"Coffee, Green",VM,"Vietnam",2010,2013,06,088,"Exports",02,"(1000 60 KG BAGS)",18640.0000
0711100,"Coffee, Green",VM,"Vietnam",2010,2013,06,057,"Imports",02,"(1000 60 KG BAGS)",350.0000
0711100,"Coffee, Green",VM,"Vietnam",2010,2013,06,056,"Other Production",02,"(1000 60 KG BAGS)",0.0000
0711100,"Coffee, Green",VM,"Vietnam",2010,2013,06,028,"Production",02,"(1000 60 KG BAGS)",19415.0000
0711100,"Coffee, Green",VM,"Vietnam",2010,2013,06,107,"Roast & Ground Exports",02,"(1000 60 KG BAGS)",85.0000
0711100,"Coffee, Green",VM,"Vietnam",2010,2013,06,075,"Roast & Ground Imports",02,"(1000 60 KG BAGS)",0.0000
0711100,"Coffee, Green",VM,"Vietnam",2010,2013,06,053,"Robusta Production",02,"(1000 60 KG BAGS)",18765.0000
0711100,"Coffee, Green",VM,"Vietnam",2010,2013,06,141,"Rst,Ground Dom. Consum",02,"(1000 60 KG BAGS)",1200.0000
0711100,"Coffee, Green",VM,"Vietnam",2010,2013,06,154,"Soluble Dom. Cons.",02,"(1000 60 KG BAGS)",137.0000
0711100,"Coffee, Green",VM,"Vietnam",2010,2013,06,114,"Soluble Exports",02,"(1000 60 KG BAGS)",340.0000
0711100,"Coffee, Green",VM,"Vietnam",2010,2013,06,082,"Soluble Imports",02,"(1000 60 KG BAGS)",175.0000
0711100,"Coffee, Green",VM,"Vietnam",2010,2013,06,178,"Total Distribution",02,"(1000 60 KG BAGS)",20777.0000
0711100,"Coffee, Green",VM,"Vietnam",2010,2013,06,086,"Total Supply",02,"(1000 60 KG BAGS)",20777.0000
0711100,"Coffee, Green",VM,"Vietnam",2011,2013,12,029,"Arabica Production",02,"(1000 60 KG BAGS)",800.0000
0711100,"Coffee, Green",VM,"Vietnam",2011,2013,12,090,"Bean Exports",02,"(1000 60 KG BAGS)",23950.0000
0711100,"Coffee, Green",VM,"Vietnam",2011,2013,12,058,"Bean Imports",02,"(1000 60 KG BAGS)",200.0000
0711100,"Coffee, Green",VM,"Vietnam",2011,2013,12,020,"Beginning Stocks",02,"(1000 60 KG BAGS)",800.0000
0711100,"Coffee, Green",VM,"Vietnam",2011,2013,12,125,"Domestic Consumption",02,"(1000 60 KG BAGS)",1665.0000
0711100,"Coffee, Green",VM,"Vietnam",2011,2013,12,176,"Ending Stocks",02,"(1000 60 KG BAGS)",1090.0000
0711100,"Coffee, Green",VM,"Vietnam",2011,2013,12,088,"Exports",02,"(1000 60 KG BAGS)",24495.0000
0711100,"Coffee, Green",VM,"Vietnam",2011,2013,12,057,"Imports",02,"(1000 60 KG BAGS)",450.0000
0711100,"Coffee, Green",VM,"Vietnam",2011,2013,12,056,"Other Production",02,"(1000 60 KG BAGS)",0.0000
0711100,"Coffee, Green",VM,"Vietnam",2011,2013,12,028,"Production",02,"(1000 60 KG BAGS)",26000.0000
0711100,"Coffee, Green",VM,"Vietnam",2011,2013,12,107,"Roast & Ground Exports",02,"(1000 60 KG BAGS)",95.0000
0711100,"Coffee, Green",VM,"Vietnam",2011,2013,12,075,"Roast & Ground Imports",02,"(1000 60 KG BAGS)",0.0000
0711100,"Coffee, Green",VM,"Vietnam",2011,2013,12,053,"Robusta Production",02,"(1000 60 KG BAGS)",25200.0000
0711100,"Coffee, Green",VM,"Vietnam",2011,2013,12,141,"Rst,Ground Dom. Consum",02,"(1000 60 KG BAGS)",1480.0000
0711100,"Coffee, Green",VM,"Vietnam",2011,2013,12,154,"Soluble Dom. Cons.",02,"(1000 60 KG BAGS)",185.0000
0711100,"Coffee, Green",VM,"Vietnam",2011,2013,12,114,"Soluble Exports",02,"(1000 60 KG BAGS)",450.0000
0711100,"Coffee, Green",VM,"Vietnam",2011,2013,12,082,"Soluble Imports",02,"(1000 60 KG BAGS)",250.0000
0711100,"Coffee, Green",VM,"Vietnam",2011,2013,12,178,"Total Distribution",02,"(1000 60 KG BAGS)",27250.0000
0711100,"Coffee, Green",VM,"Vietnam",2011,2013,12,086,"Total Supply",02,"(1000 60 KG BAGS)",27250.0000
0711100,"Coffee, Green",VM,"Vietnam",2012,2014,12,029,"Arabica Production",02,"(1000 60 KG BAGS)",900.0000
0711100,"Coffee, Green",VM,"Vietnam",2012,2014,12,090,"Bean Exports",02,"(1000 60 KG BAGS)",23783.0000
0711100,"Coffee, Green",VM,"Vietnam",2012,2014,12,058,"Bean Imports",02,"(1000 60 KG BAGS)",642.0000
0711100,"Coffee, Green",VM,"Vietnam",2012,2014,12,020,"Beginning Stocks",02,"(1000 60 KG BAGS)",1090.0000
0711100,"Coffee, Green",VM,"Vietnam",2012,2014,12,125,"Domestic Consumption",02,"(1000 60 KG BAGS)",1825.0000
0711100,"Coffee, Green",VM,"Vietnam",2012,2014,12,176,"Ending Stocks",02,"(1000 60 KG BAGS)",1946.0000
0711100,"Coffee, Green",VM,"Vietnam",2012,2014,12,088,"Exports",02,"(1000 60 KG BAGS)",24643.0000
0711100,"Coffee, Green",VM,"Vietnam",2012,2014,12,057,"Imports",02,"(1000 60 KG BAGS)",824.0000
0711100,"Coffee, Green",VM,"Vietnam",2012,2014,12,056,"Other Production",02,"(1000 60 KG BAGS)",0.0000
0711100,"Coffee, Green",VM,"Vietnam",2012,2014,12,028,"Production",02,"(1000 60 KG BAGS)",26500.0000
0711100,"Coffee, Green",VM,"Vietnam",2012,2014,12,107,"Roast & Ground Exports",02,"(1000 60 KG BAGS)",110.0000
0711100,"Coffee, Green",VM,"Vietnam",2012,2014,12,075,"Roast & Ground Imports",02,"(1000 60 KG BAGS)",22.0000
0711100,"Coffee, Green",VM,"Vietnam",2012,2014,12,053,"Robusta Production",02,"(1000 60 KG BAGS)",25600.0000
0711100,"Coffee, Green",VM,"Vietnam",2012,2014,12,141,"Rst,Ground Dom. Consum",02,"(1000 60 KG BAGS)",1625.0000
0711100,"Coffee, Green",VM,"Vietnam",2012,2014,12,154,"Soluble Dom. Cons.",02,"(1000 60 KG BAGS)",200.0000
0711100,"Coffee, Green",VM,"Vietnam",2012,2014,12,114,"Soluble Exports",02,"(1000 60 KG BAGS)",750.0000
0711100,"Coffee, Green",VM,"Vietnam",2012,2014,12,082,"Soluble Imports",02,"(1000 60 KG BAGS)",160.0000
0711100,"Coffee, Green",VM,"Vietnam",2012,2014,12,178,"Total Distribution",02,"(1000 60 KG BAGS)",28414.0000
0711100,"Coffee, Green",VM,"Vietnam",2012,2014,12,086,"Total Supply",02,"(1000 60 KG BAGS)",28414.0000
0711100,"Coffee, Green",VM,"Vietnam",2013,2015,06,029,"Arabica Production",02,"(1000 60 KG BAGS)",1175.0000
0711100,"Coffee, Green",VM,"Vietnam",2013,2015,06,090,"Bean Exports",02,"(1000 60 KG BAGS)",27269.0000
0711100,"Coffee, Green",VM,"Vietnam",2013,2015,06,058,"Bean Imports",02,"(1000 60 KG BAGS)",476.0000
0711100,"Coffee, Green",VM,"Vietnam",2013,2015,06,020,"Beginning Stocks",02,"(1000 60 KG BAGS)",1946.0000
0711100,"Coffee, Green",VM,"Vietnam",2013,2015,06,125,"Domestic Consumption",02,"(1000 60 KG BAGS)",2008.0000
0711100,"Coffee, Green",VM,"Vietnam",2013,2015,06,176,"Ending Stocks",02,"(1000 60 KG BAGS)",2130.0000
0711100,"Coffee, Green",VM,"Vietnam",2013,2015,06,088,"Exports",02,"(1000 60 KG BAGS)",28289.0000
0711100,"Coffee, Green",VM,"Vietnam",2013,2015,06,057,"Imports",02,"(1000 60 KG BAGS)",648.0000
0711100,"Coffee, Green",VM,"Vietnam",2013,2015,06,056,"Other Production",02,"(1000 60 KG BAGS)",0.0000
0711100,"Coffee, Green",VM,"Vietnam",2013,2015,06,028,"Production",02,"(1000 60 KG BAGS)",29833.0000
0711100,"Coffee, Green",VM,"Vietnam",2013,2015,06,107,"Roast & Ground Exports",02,"(1000 60 KG BAGS)",120.0000
0711100,"Coffee, Green",VM,"Vietnam",2013,2015,06,075,"Roast & Ground Imports",02,"(1000 60 KG BAGS)",12.0000
0711100,"Coffee, Green",VM,"Vietnam",2013,2015,06,053,"Robusta Production",02,"(1000 60 KG BAGS)",28658.0000
0711100,"Coffee, Green",VM,"Vietnam",2013,2015,06,141,"Rst,Ground Dom. Consum",02,"(1000 60 KG BAGS)",1788.0000
0711100,"Coffee, Green",VM,"Vietnam",2013,2015,06,154,"Soluble Dom. Cons.",02,"(1000 60 KG BAGS)",220.0000
0711100,"Coffee, Green",VM,"Vietnam",2013,2015,06,114,"Soluble Exports",02,"(1000 60 KG BAGS)",900.0000
0711100,"Coffee, Green",VM,"Vietnam",2013,2015,06,082,"Soluble Imports",02,"(1000 60 KG BAGS)",160.0000
0711100,"Coffee, Green",VM,"Vietnam",2013,2015,06,178,"Total Distribution",02,"(1000 60 KG BAGS)",32427.0000
0711100,"Coffee, Green",VM,"Vietnam",2013,2015,06,086,"Total Supply",02,"(1000 60 KG BAGS)",32427.0000
0711100,"Coffee, Green",VM,"Vietnam",2014,2021,06,029,"Arabica Production",02,"(1000 60 KG BAGS)",1050.0000
0711100,"Coffee, Green",VM,"Vietnam",2014,2021,06,090,"Bean Exports",02,"(1000 60 KG BAGS)",19828.0000
0711100,"Coffee, Green",VM,"Vietnam",2014,2021,06,058,"Bean Imports",02,"(1000 60 KG BAGS)",450.0000
0711100,"Coffee, Green",VM,"Vietnam",2014,2021,06,020,"Beginning Stocks",02,"(1000 60 KG BAGS)",2130.0000
0711100,"Coffee, Green",VM,"Vietnam",2014,2021,06,125,"Domestic Consumption",02,"(1000 60 KG BAGS)",2217.0000
0711100,"Coffee, Green",VM,"Vietnam",2014,2021,06,176,"Ending Stocks",02,"(1000 60 KG BAGS)",6336.0000
0711100,"Coffee, Green",VM,"Vietnam",2014,2021,06,088,"Exports",02,"(1000 60 KG BAGS)",21567.0000
0711100,"Coffee, Green",VM,"Vietnam",2014,2021,06,057,"Imports",02,"(1000 60 KG BAGS)",590.0000
0711100,"Coffee, Green",VM,"Vietnam",2014,2021,06,056,"Other Production",02,"(1000 60 KG BAGS)",0.0000
0711100,"Coffee, Green",VM,"Vietnam",2014,2021,06,028,"Production",02,"(1000 60 KG BAGS)",27400.0000
0711100,"Coffee, Green",VM,"Vietnam",2014,2021,06,107,"Roast & Ground Exports",02,"(1000 60 KG BAGS)",457.0000
0711100,"Coffee, Green",VM,"Vietnam",2014,2021,06,075,"Roast & Ground Imports",02,"(1000 60 KG BAGS)",10.0000
0711100,"Coffee, Green",VM,"Vietnam",2014,2021,06,053,"Robusta Production",02,"(1000 60 KG BAGS)",26350.0000
0711100,"Coffee, Green",VM,"Vietnam",2014,2021,06,141,"Rst,Ground Dom. Consum",02,"(1000 60 KG BAGS)",1917.0000
0711100,"Coffee, Green",VM,"Vietnam",2014,2021,06,154,"Soluble Dom. Cons.",02,"(1000 60 KG BAGS)",300.0000
0711100,"Coffee, Green",VM,"Vietnam",2014,2021,06,114,"Soluble Exports",02,"(1000 60 KG BAGS)",1282.0000
0711100,"Coffee, Green",VM,"Vietnam",2014,2021,06,082,"Soluble Imports",02,"(1000 60 KG BAGS)",130.0000
0711100,"Coffee, Green",VM,"Vietnam",2014,2021,06,178,"Total Distribution",02,"(1000 60 KG BAGS)",30120.0000
0711100,"Coffee, Green",VM,"Vietnam",2014,2021,06,086,"Total Supply",02,"(1000 60 KG BAGS)",30120.0000
0711100,"Coffee, Green",VM,"Vietnam",2015,2021,06,029,"Arabica Production",02,"(1000 60 KG BAGS)",1100.0000
0711100,"Coffee, Green",VM,"Vietnam",2015,2021,06,090,"Bean Exports",02,"(1000 60 KG BAGS)",26515.0000
0711100,"Coffee, Green",VM,"Vietnam",2015,2021,06,058,"Bean Imports",02,"(1000 60 KG BAGS)",450.0000
0711100,"Coffee, Green",VM,"Vietnam",2015,2021,06,020,"Beginning Stocks",02,"(1000 60 KG BAGS)",6336.0000
0711100,"Coffee, Green",VM,"Vietnam",2015,2021,06,125,"Domestic Consumption",02,"(1000 60 KG BAGS)",2630.0000
0711100,"Coffee, Green",VM,"Vietnam",2015,2021,06,176,"Ending Stocks",02,"(1000 60 KG BAGS)",4201.0000
0711100,"Coffee, Green",VM,"Vietnam",2015,2021,06,088,"Exports",02,"(1000 60 KG BAGS)",29065.0000
0711100,"Coffee, Green",VM,"Vietnam",2015,2021,06,057,"Imports",02,"(1000 60 KG BAGS)",630.0000
0711100,"Coffee, Green",VM,"Vietnam",2015,2021,06,056,"Other Production",02,"(1000 60 KG BAGS)",0.0000
0711100,"Coffee, Green",VM,"Vietnam",2015,2021,06,028,"Production",02,"(1000 60 KG BAGS)",28930.0000
0711100,"Coffee, Green",VM,"Vietnam",2015,2021,06,107,"Roast & Ground Exports",02,"(1000 60 KG BAGS)",550.0000
0711100,"Coffee, Green",VM,"Vietnam",2015,2021,06,075,"Roast & Ground Imports",02,"(1000 60 KG BAGS)",20.0000
0711100,"Coffee, Green",VM,"Vietnam",2015,2021,06,053,"Robusta Production",02,"(1000 60 KG BAGS)",27830.0000
0711100,"Coffee, Green",VM,"Vietnam",2015,2021,06,141,"Rst,Ground Dom. Consum",02,"(1000 60 KG BAGS)",2280.0000
0711100,"Coffee, Green",VM,"Vietnam",2015,2021,06,154,"Soluble Dom. Cons.",02,"(1000 60 KG BAGS)",350.0000
0711100,"Coffee, Green",VM,"Vietnam",2015,2021,06,114,"Soluble Exports",02,"(1000 60 KG BAGS)",2000.0000
0711100,"Coffee, Green",VM,"Vietnam",2015,2021,06,082,"Soluble Imports",02,"(1000 60 KG BAGS)",160.0000
0711100,"Coffee, Green",VM,"Vietnam",2015,2021,06,178,"Total Distribution",02,"(1000 60 KG BAGS)",35896.0000
0711100,"Coffee, Green",VM,"Vietnam",2015,2021,06,086,"Total Supply",02,"(1000 60 KG BAGS)",35896.0000
0711100,"Coffee, Green",VM,"Vietnam",2016,2021,06,029,"Arabica Production",02,"(1000 60 KG BAGS)",1100.0000
0711100,"Coffee, Green",VM,"Vietnam",2016,2021,06,090,"Bean Exports",02,"(1000 60 KG BAGS)",23900.0000
0711100,"Coffee, Green",VM,"Vietnam",2016,2021,06,058,"Bean Imports",02,"(1000 60 KG BAGS)",500.0000
0711100,"Coffee, Green",VM,"Vietnam",2016,2021,06,020,"Beginning Stocks",02,"(1000 60 KG BAGS)",4201.0000
0711100,"Coffee, Green",VM,"Vietnam",2016,2021,06,125,"Domestic Consumption",02,"(1000 60 KG BAGS)",2770.0000
0711100,"Coffee, Green",VM,"Vietnam",2016,2021,06,176,"Ending Stocks",02,"(1000 60 KG BAGS)",2681.0000
0711100,"Coffee, Green",VM,"Vietnam",2016,2021,06,088,"Exports",02,"(1000 60 KG BAGS)",26450.0000
0711100,"Coffee, Green",VM,"Vietnam",2016,2021,06,057,"Imports",02,"(1000 60 KG BAGS)",1000.0000
0711100,"Coffee, Green",VM,"Vietnam",2016,2021,06,056,"Other Production",02,"(1000 60 KG BAGS)",0.0000
0711100,"Coffee, Green",VM,"Vietnam",2016,2021,06,028,"Production",02,"(1000 60 KG BAGS)",26700.0000
0711100,"Coffee, Green",VM,"Vietnam",2016,2021,06,107,"Roast & Ground Exports",02,"(1000 60 KG BAGS)",550.0000
0711100,"Coffee, Green",VM,"Vietnam",2016,2021,06,075,"Roast & Ground Imports",02,"(1000 60 KG BAGS)",340.0000
0711100,"Coffee, Green",VM,"Vietnam",2016,2021,06,053,"Robusta Production",02,"(1000 60 KG BAGS)",25600.0000
0711100,"Coffee, Green",VM,"Vietnam",2016,2021,06,141,"Rst,Ground Dom. Consum",02,"(1000 60 KG BAGS)",2400.0000
0711100,"Coffee, Green",VM,"Vietnam",2016,2021,06,154,"Soluble Dom. Cons.",02,"(1000 60 KG BAGS)",370.0000
0711100,"Coffee, Green",VM,"Vietnam",2016,2021,06,114,"Soluble Exports",02,"(1000 60 KG BAGS)",2000.0000
0711100,"Coffee, Green",VM,"Vietnam",2016,2021,06,082,"Soluble Imports",02,"(1000 60 KG BAGS)",160.0000
0711100,"Coffee, Green",VM,"Vietnam",2016,2021,06,178,"Total Distribution",02,"(1000 60 KG BAGS)",31901.0000
0711100,"Coffee, Green",VM,"Vietnam",2016,2021,06,086,"Total Supply",02,"(1000 60 KG BAGS)",31901.0000
0711100,"Coffee, Green",VM,"Vietnam",2017,2021,06,029,"Arabica Production",02,"(1000 60 KG BAGS)",1026.0000
0711100,"Coffee, Green",VM,"Vietnam",2017,2021,06,090,"Bean Exports",02,"(1000 60 KG BAGS)",27257.0000
0711100,"Coffee, Green",VM,"Vietnam",2017,2021,06,058,"Bean Imports",02,"(1000 60 KG BAGS)",500.0000
0711100,"Coffee, Green",VM,"Vietnam",2017,2021,06,020,"Beginning Stocks",02,"(1000 60 KG BAGS)",2681.0000
0711100,"Coffee, Green",VM,"Vietnam",2017,2021,06,125,"Domestic Consumption",02,"(1000 60 KG BAGS)",2880.0000
0711100,"Coffee, Green",VM,"Vietnam",2017,2021,06,176,"Ending Stocks",02,"(1000 60 KG BAGS)",254.0000
0711100,"Coffee, Green",VM,"Vietnam",2017,2021,06,088,"Exports",02,"(1000 60 KG BAGS)",29907.0000
0711100,"Coffee, Green",VM,"Vietnam",2017,2021,06,057,"Imports",02,"(1000 60 KG BAGS)",1060.0000
0711100,"Coffee, Green",VM,"Vietnam",2017,2021,06,056,"Other Production",02,"(1000 60 KG BAGS)",0.0000
0711100,"Coffee, Green",VM,"Vietnam",2017,2021,06,028,"Production",02,"(1000 60 KG BAGS)",29300.0000
0711100,"Coffee, Green",VM,"Vietnam",2017,2021,06,107,"Roast & Ground Exports",02,"(1000 60 KG BAGS)",550.0000
0711100,"Coffee, Green",VM,"Vietnam",2017,2021,06,075,"Roast & Ground Imports",02,"(1000 60 KG BAGS)",400.0000
0711100,"Coffee, Green",VM,"Vietnam",2017,2021,06,053,"Robusta Production",02,"(1000 60 KG BAGS)",28274.0000
0711100,"Coffee, Green",VM,"Vietnam",2017,2021,06,141,"Rst,Ground Dom. Consum",02,"(1000 60 KG BAGS)",2500.0000
0711100,"Coffee, Green",VM,"Vietnam",2017,2021,06,154,"Soluble Dom. Cons.",02,"(1000 60 KG BAGS)",380.0000
0711100,"Coffee, Green",VM,"Vietnam",2017,2021,06,114,"Soluble Exports",02,"(1000 60 KG BAGS)",2100.0000
0711100,"Coffee, Green",VM,"Vietnam",2017,2021,06,082,"Soluble Imports",02,"(1000 60 KG BAGS)",160.0000
0711100,"Coffee, Green",VM,"Vietnam",2017,2021,06,178,"Total Distribution",02,"(1000 60 KG BAGS)",33041.0000
0711100,"Coffee, Green",VM,"Vietnam",2017,2021,06,086,"Total Supply",02,"(1000 60 KG BAGS)",33041.0000
0711100,"Coffee, Green",VM,"Vietnam",2018,2021,06,029,"Arabica Production",02,"(1000 60 KG BAGS)",1064.0000
0711100,"Coffee, Green",VM,"Vietnam",2018,2021,06,090,"Bean Exports",02,"(1000 60 KG BAGS)",25618.0000
0711100,"Coffee, Green",VM,"Vietnam",2018,2021,06,058,"Bean Imports",02,"(1000 60 KG BAGS)",500.0000
0711100,"Coffee, Green",VM,"Vietnam",2018,2021,06,020,"Beginning Stocks",02,"(1000 60 KG BAGS)",254.0000
0711100,"Coffee, Green",VM,"Vietnam",2018,2021,06,125,"Domestic Consumption",02,"(1000 60 KG BAGS)",2940.0000
0711100,"Coffee, Green",VM,"Vietnam",2018,2021,06,176,"Ending Stocks",02,"(1000 60 KG BAGS)",556.0000
0711100,"Coffee, Green",VM,"Vietnam",2018,2021,06,088,"Exports",02,"(1000 60 KG BAGS)",28318.0000
0711100,"Coffee, Green",VM,"Vietnam",2018,2021,06,057,"Imports",02,"(1000 60 KG BAGS)",1160.0000
0711100,"Coffee, Green",VM,"Vietnam",2018,2021,06,056,"Other Production",02,"(1000 60 KG BAGS)",0.0000
0711100,"Coffee, Green",VM,"Vietnam",2018,2021,06,028,"Production",02,"(1000 60 KG BAGS)",30400.0000
0711100,"Coffee, Green",VM,"Vietnam",2018,2021,06,107,"Roast & Ground Exports",02,"(1000 60 KG BAGS)",550.0000
0711100,"Coffee, Green",VM,"Vietnam",2018,2021,06,075,"Roast & Ground Imports",02,"(1000 60 KG BAGS)",500.0000
0711100,"Coffee, Green",VM,"Vietnam",2018,2021,06,053,"Robusta Production",02,"(1000 60 KG BAGS)",29336.0000
0711100,"Coffee, Green",VM,"Vietnam",2018,2021,06,141,"Rst,Ground Dom. Consum",02,"(1000 60 KG BAGS)",2550.0000
0711100,"Coffee, Green",VM,"Vietnam",2018,2021,06,154,"Soluble Dom. Cons.",02,"(1000 60 KG BAGS)",390.0000
0711100,"Coffee, Green",VM,"Vietnam",2018,2021,06,114,"Soluble Exports",02,"(1000 60 KG BAGS)",2150.0000
0711100,"Coffee, Green",VM,"Vietnam",2018,2021,06,082,"Soluble Imports",02,"(1000 60 KG BAGS)",160.0000
0711100,"Coffee, Green",VM,"Vietnam",2018,2021,06,178,"Total Distribution",02,"(1000 60 KG BAGS)",31814.0000
0711100,"Coffee, Green",VM,"Vietnam",2018,2021,06,086,"Total Supply",02,"(1000 60 KG BAGS)",31814.0000
0711100,"Coffee, Green",VM,"Vietnam",2019,2021,06,029,"Arabica Production",02,"(1000 60 KG BAGS)",1100.0000
0711100,"Coffee, Green",VM,"Vietnam",2019,2021,06,090,"Bean Exports",02,"(1000 60 KG BAGS)",24526.0000
0711100,"Coffee, Green",VM,"Vietnam",2019,2021,06,058,"Bean Imports",02,"(1000 60 KG BAGS)",300.0000
0711100,"Coffee, Green",VM,"Vietnam",2019,2021,06,020,"Beginning Stocks",02,"(1000 60 KG BAGS)",556.0000
0711100,"Coffee, Green",VM,"Vietnam",2019,2021,06,125,"Domestic Consumption",02,"(1000 60 KG BAGS)",3100.0000
0711100,"Coffee, Green",VM,"Vietnam",2019,2021,06,176,"Ending Stocks",02,"(1000 60 KG BAGS)",2130.0000
0711100,"Coffee, Green",VM,"Vietnam",2019,2021,06,088,"Exports",02,"(1000 60 KG BAGS)",27326.0000
0711100,"Coffee, Green",VM,"Vietnam",2019,2021,06,057,"Imports",02,"(1000 60 KG BAGS)",700.0000
0711100,"Coffee, Green",VM,"Vietnam",2019,2021,06,056,"Other Production",02,"(1000 60 KG BAGS)",0.0000
0711100,"Coffee, Green",VM,"Vietnam",2019,2021,06,028,"Production",02,"(1000 60 KG BAGS)",31300.0000
0711100,"Coffee, Green",VM,"Vietnam",2019,2021,06,107,"Roast & Ground Exports",02,"(1000 60 KG BAGS)",550.0000
0711100,"Coffee, Green",VM,"Vietnam",2019,2021,06,075,"Roast & Ground Imports",02,"(1000 60 KG BAGS)",300.0000
0711100,"Coffee, Green",VM,"Vietnam",2019,2021,06,053,"Robusta Production",02,"(1000 60 KG BAGS)",30200.0000
0711100,"Coffee, Green",VM,"Vietnam",2019,2021,06,141,"Rst,Ground Dom. Consum",02,"(1000 60 KG BAGS)",2600.0000
0711100,"Coffee, Green",VM,"Vietnam",2019,2021,06,154,"Soluble Dom. Cons.",02,"(1000 60 KG BAGS)",500.0000
0711100,"Coffee, Green",VM,"Vietnam",2019,2021,06,114,"Soluble Exports",02,"(1000 60 KG BAGS)",2250.0000
0711100,"Coffee, Green",VM,"Vietnam",2019,2021,06,082,"Soluble Imports",02,"(1000 60 KG BAGS)",100.0000
0711100,"Coffee, Green",VM,"Vietnam",2019,2021,06,178,"Total Distribution",02,"(1000 60 KG BAGS)",32556.0000
0711100,"Coffee, Green",VM,"Vietnam",2019,2021,06,086,"Total Supply",02,"(1000 60 KG BAGS)",32556.0000
0711100,"Coffee, Green",VM,"Vietnam",2020,2023,06,029,"Arabica Production",02,"(1000 60 KG BAGS)",950.0000
0711100,"Coffee, Green",VM,"Vietnam",2020,2023,06,090,"Bean Exports",02,"(1000 60 KG BAGS)",22450.0000
0711100,"Coffee, Green",VM,"Vietnam",2020,2023,06,058,"Bean Imports",02,"(1000 60 KG BAGS)",250.0000
0711100,"Coffee, Green",VM,"Vietnam",2020,2023,06,020,"Beginning Stocks",02,"(1000 60 KG BAGS)",2130.0000
0711100,"Coffee, Green",VM,"Vietnam",2020,2023,06,125,"Domestic Consumption",02,"(1000 60 KG BAGS)",2720.0000
0711100,"Coffee, Green",VM,"Vietnam",2020,2023,06,176,"Ending Stocks",02,"(1000 60 KG BAGS)",3660.0000
0711100,"Coffee, Green",VM,"Vietnam",2020,2023,06,088,"Exports",02,"(1000 60 KG BAGS)",25300.0000
0711100,"Coffee, Green",VM,"Vietnam",2020,2023,06,057,"Imports",02,"(1000 60 KG BAGS)",550.0000
0711100,"Coffee, Green",VM,"Vietnam",2020,2023,06,056,"Other Production",02,"(1000 60 KG BAGS)",0.0000
0711100,"Coffee, Green",VM,"Vietnam",2020,2023,06,028,"Production",02,"(1000 60 KG BAGS)",29000.0000
0711100,"Coffee, Green",VM,"Vietnam",2020,2023,06,107,"Roast & Ground Exports",02,"(1000 60 KG BAGS)",550.0000
0711100,"Coffee, Green",VM,"Vietnam",2020,2023,06,075,"Roast & Ground Imports",02,"(1000 60 KG BAGS)",200.0000
0711100,"Coffee, Green",VM,"Vietnam",2020,2023,06,053,"Robusta Production",02,"(1000 60 KG BAGS)",28050.0000
0711100,"Coffee, Green",VM,"Vietnam",2020,2023,06,141,"Rst,Ground Dom. Consum",02,"(1000 60 KG BAGS)",2220.0000
0711100,"Coffee, Green",VM,"Vietnam",2020,2023,06,154,"Soluble Dom. Cons.",02,"(1000 60 KG BAGS)",500.0000
0711100,"Coffee, Green",VM,"Vietnam",2020,2023,06,114,"Soluble Exports",02,"(1000 60 KG BAGS)",2300.0000
0711100,"Coffee, Green",VM,"Vietnam",2020,2023,06,082,"Soluble Imports",02,"(1000 60 KG BAGS)",100.0000
0711100,"Coffee, Green",VM,"Vietnam",2020,2023,06,178,"Total Distribution",02,"(1000 60 KG BAGS)",31680.0000
0711100,"Coffee, Green",VM,"Vietnam",2020,2023,06,086,"Total Supply",02,"(1000 60 KG BAGS)",31680.0000
0711100,"Coffee, Green",VM,"Vietnam",2021,2023,06,029,"Arabica Production",02,"(1000 60 KG BAGS)",1100.0000
0711100,"Coffee, Green",VM,"Vietnam",2021,2023,06,090,"Bean Exports",02,"(1000 60 KG BAGS)",26110.0000
0711100,"Coffee, Green",VM,"Vietnam",2021,2023,06,058,"Bean Imports",02,"(1000 60 KG BAGS)",250.0000
0711100,"Coffee, Green",VM,"Vietnam",2021,2023,06,020,"Beginning Stocks",02,"(1000 60 KG BAGS)",3660.0000
0711100,"Coffee, Green",VM,"Vietnam",2021,2023,06,125,"Domestic Consumption",02,"(1000 60 KG BAGS)",3200.0000
0711100,"Coffee, Green",VM,"Vietnam",2021,2023,06,176,"Ending Stocks",02,"(1000 60 KG BAGS)",3580.0000
0711100,"Coffee, Green",VM,"Vietnam",2021,2023,06,088,"Exports",02,"(1000 60 KG BAGS)",29010.0000
0711100,"Coffee, Green",VM,"Vietnam",2021,2023,06,057,"Imports",02,"(1000 60 KG BAGS)",550.0000
0711100,"Coffee, Green",VM,"Vietnam",2021,2023,06,056,"Other Production",02,"(1000 60 KG BAGS)",0.0000
0711100,"Coffee, Green",VM,"Vietnam",2021,2023,06,028,"Production",02,"(1000 60 KG BAGS)",31580.0000
0711100,"Coffee, Green",VM,"Vietnam",2021,2023,06,107,"Roast & Ground Exports",02,"(1000 60 KG BAGS)",550.0000
0711100,"Coffee, Green",VM,"Vietnam",2021,2023,06,075,"Roast & Ground Imports",02,"(1000 60 KG BAGS)",200.0000
0711100,"Coffee, Green",VM,"Vietnam",2021,2023,06,053,"Robusta Production",02,"(1000 60 KG BAGS)",30480.0000
0711100,"Coffee, Green",VM,"Vietnam",2021,2023,06,141,"Rst,Ground Dom. Consum",02,"(1000 60 KG BAGS)",2650.0000
0711100,"Coffee, Green",VM,"Vietnam",2021,2023,06,154,"Soluble Dom. Cons.",02,"(1000 60 KG BAGS)",550.0000
0711100,"Coffee, Green",VM,"Vietnam",2021,2023,06,114,"Soluble Exports",02,"(1000 60 KG BAGS)",2350.0000
0711100,"Coffee, Green",VM,"Vietnam",2021,2023,06,082,"Soluble Imports",02,"(1000 60 KG BAGS)",100.0000
0711100,"Coffee, Green",VM,"Vietnam",2021,2023,06,178,"Total Distribution",02,"(1000 60 KG BAGS)",35790.0000
0711100,"Coffee, Green",VM,"Vietnam",2021,2023,06,086,"Total Supply",02,"(1000 60 KG BAGS)",35790.0000
0711100,"Coffee, Green",VM,"Vietnam",2022,2024,06,029,"Arabica Production",02,"(1000 60 KG BAGS)",1000.0000
0711100,"Coffee, Green",VM,"Vietnam",2022,2024,06,090,"Bean Exports",02,"(1000 60 KG BAGS)",26000.0000
0711100,"Coffee, Green",VM,"Vietnam",2022,2024,06,058,"Bean Imports",02,"(1000 60 KG BAGS)",365.0000
0711100,"Coffee, Green",VM,"Vietnam",2022,2024,06,020,"Beginning Stocks",02,"(1000 60 KG BAGS)",3580.0000
0711100,"Coffee, Green",VM,"Vietnam",2022,2024,06,125,"Domestic Consumption",02,"(1000 60 KG BAGS)",3200.0000
0711100,"Coffee, Green",VM,"Vietnam",2022,2024,06,176,"Ending Stocks",02,"(1000 60 KG BAGS)",839.0000
0711100,"Coffee, Green",VM,"Vietnam",2022,2024,06,088,"Exports",02,"(1000 60 KG BAGS)",28340.0000
0711100,"Coffee, Green",VM,"Vietnam",2022,2024,06,057,"Imports",02,"(1000 60 KG BAGS)",499.0000
0711100,"Coffee, Green",VM,"Vietnam",2022,2024,06,056,"Other Production",02,"(1000 60 KG BAGS)",0.0000
0711100,"Coffee, Green",VM,"Vietnam",2022,2024,06,028,"Production",02,"(1000 60 KG BAGS)",28300.0000
0711100,"Coffee, Green",VM,"Vietnam",2022,2024,06,107,"Roast & Ground Exports",02,"(1000 60 KG BAGS)",450.0000
0711100,"Coffee, Green",VM,"Vietnam",2022,2024,06,075,"Roast & Ground Imports",02,"(1000 60 KG BAGS)",8.0000
0711100,"Coffee, Green",VM,"Vietnam",2022,2024,06,053,"Robusta Production",02,"(1000 60 KG BAGS)",27300.0000
0711100,"Coffee, Green",VM,"Vietnam",2022,2024,06,141,"Rst,Ground Dom. Consum",02,"(1000 60 KG BAGS)",2650.0000
0711100,"Coffee, Green",VM,"Vietnam",2022,2024,06,154,"Soluble Dom. Cons.",02,"(1000 60 KG BAGS)",550.0000
0711100,"Coffee, Green",VM,"Vietnam",2022,2024,06,114,"Soluble Exports",02,"(1000 60 KG BAGS)",1890.0000
0711100,"Coffee, Green",VM,"Vietnam",2022,2024,06,082,"Soluble Imports",02,"(1000 60 KG BAGS)",126.0000
0711100,"Coffee, Green",VM,"Vietnam",2022,2024,06,178,"Total Distribution",02,"(1000 60 KG BAGS)",32379.0000
0711100,"Coffee, Green",VM,"Vietnam",2022,2024,06,086,"Total Supply",02,"(1000 60 KG BAGS)",32379.0000
0711100,"Coffee, Green",VM,"Vietnam",2023,2025,06,029,"Arabica Production",02,"(1000 60 KG BAGS)",1000.0000
0711100,"Coffee, Green",VM,"Vietnam",2023,2025,06,090,"Bean Exports",02,"(1000 60 KG BAGS)",22000.0000
0711100,"Coffee, Green",VM,"Vietnam",2023,2025,06,058,"Bean Imports",02,"(1000 60 KG BAGS)",400.0000
0711100,"Coffee, Green",VM,"Vietnam",2023,2025,06,020,"Beginning Stocks",02,"(1000 60 KG BAGS)",839.0000
0711100,"Coffee, Green",VM,"Vietnam",2023,2025,06,125,"Domestic Consumption",02,"(1000 60 KG BAGS)",3900.0000
0711100,"Coffee, Green",VM,"Vietnam",2023,2025,06,176,"Ending Stocks",02,"(1000 60 KG BAGS)",889.0000
0711100,"Coffee, Green",VM,"Vietnam",2023,2025,06,088,"Exports",02,"(1000 60 KG BAGS)",24400.0000
0711100,"Coffee, Green",VM,"Vietnam",2023,2025,06,057,"Imports",02,"(1000 60 KG BAGS)",800.0000
0711100,"Coffee, Green",VM,"Vietnam",2023,2025,06,056,"Other Production",02,"(1000 60 KG BAGS)",0.0000
0711100,"Coffee, Green",VM,"Vietnam",2023,2025,06,028,"Production",02,"(1000 60 KG BAGS)",27550.0000
0711100,"Coffee, Green",VM,"Vietnam",2023,2025,06,107,"Roast & Ground Exports",02,"(1000 60 KG BAGS)",400.0000
0711100,"Coffee, Green",VM,"Vietnam",2023,2025,06,075,"Roast & Ground Imports",02,"(1000 60 KG BAGS)",200.0000
0711100,"Coffee, Green",VM,"Vietnam",2023,2025,06,053,"Robusta Production",02,"(1000 60 KG BAGS)",26550.0000
0711100,"Coffee, Green",VM,"Vietnam",2023,2025,06,141,"Rst,Ground Dom. Consum",02,"(1000 60 KG BAGS)",3000.0000
0711100,"Coffee, Green",VM,"Vietnam",2023,2025,06,154,"Soluble Dom. Cons.",02,"(1000 60 KG BAGS)",900.0000
0711100,"Coffee, Green",VM,"Vietnam",2023,2025,06,114,"Soluble Exports",02,"(1000 60 KG BAGS)",2000.0000
0711100,"Coffee, Green",VM,"Vietnam",2023,2025,06,082,"Soluble Imports",02,"(1000 60 KG BAGS)",200.0000
0711100,"Coffee, Green",VM,"Vietnam",2023,2025,06,178,"Total Distribution",02,"(1000 60 KG BAGS)",29189.0000
0711100,"Coffee, Green",VM,"Vietnam",2023,2025,06,086,"Total Supply",02,"(1000 60 KG BAGS)",29189.0000
0711100,"Coffee, Green",VM,"Vietnam",2024,2025,12,029,"Arabica Production",02,"(1000 60 KG BAGS)",1000.0000
0711100,"Coffee, Green",VM,"Vietnam",2024,2025,12,090,"Bean Exports",02,"(1000 60 KG BAGS)",22350.0000
0711100,"Coffee, Green",VM,"Vietnam",2024,2025,12,058,"Bean Imports",02,"(1000 60 KG BAGS)",800.0000
0711100,"Coffee, Green",VM,"Vietnam",2024,2025,12,020,"Beginning Stocks",02,"(1000 60 KG BAGS)",889.0000
0711100,"Coffee, Green",VM,"Vietnam",2024,2025,12,125,"Domestic Consumption",02,"(1000 60 KG BAGS)",4800.0000
0711100,"Coffee, Green",VM,"Vietnam",2024,2025,12,176,"Ending Stocks",02,"(1000 60 KG BAGS)",1089.0000
0711100,"Coffee, Green",VM,"Vietnam",2024,2025,12,088,"Exports",02,"(1000 60 KG BAGS)",25200.0000
0711100,"Coffee, Green",VM,"Vietnam",2024,2025,12,057,"Imports",02,"(1000 60 KG BAGS)",1200.0000
0711100,"Coffee, Green",VM,"Vietnam",2024,2025,12,056,"Other Production",02,"(1000 60 KG BAGS)",0.0000
0711100,"Coffee, Green",VM,"Vietnam",2024,2025,12,028,"Production",02,"(1000 60 KG BAGS)",29000.0000
0711100,"Coffee, Green",VM,"Vietnam",2024,2025,12,107,"Roast & Ground Exports",02,"(1000 60 KG BAGS)",500.0000
0711100,"Coffee, Green",VM,"Vietnam",2024,2025,12,075,"Roast & Ground Imports",02,"(1000 60 KG BAGS)",200.0000
0711100,"Coffee, Green",VM,"Vietnam",2024,2025,12,053,"Robusta Production",02,"(1000 60 KG BAGS)",28000.0000
0711100,"Coffee, Green",VM,"Vietnam",2024,2025,12,141,"Rst,Ground Dom. Consum",02,"(1000 60 KG BAGS)",3350.0000
0711100,"Coffee, Green",VM,"Vietnam",2024,2025,12,154,"Soluble Dom. Cons.",02,"(1000 60 KG BAGS)",1450.0000
0711100,"Coffee, Green",VM,"Vietnam",2024,2025,12,114,"Soluble Exports",02,"(1000 60 KG BAGS)",2350.0000
0711100,"Coffee, Green",VM,"Vietnam",2024,2025,12,082,"Soluble Imports",02,"(1000 60 KG BAGS)",200.0000
0711100,"Coffee, Green",VM,"Vietnam",2024,2025,12,178,"Total Distribution",02,"(1000 60 KG BAGS)",31089.0000
0711100,"Coffee, Green",VM,"Vietnam",2024,2025,12,086,"Total Supply",02,"(1000 60 KG BAGS)",31089.0000
0711100,"Coffee, Green",VM,"Vietnam",2025,2026,07,029,"Arabica Production",02,"(1000 60 KG BAGS)",1200.0000
0711100,"Coffee, Green",VM,"Vietnam",2025,2026,07,090,"Bean Exports",02,"(1000 60 KG BAGS)",25100.0000
0711100,"Coffee, Green",VM,"Vietnam",2025,2026,07,058,"Bean Imports",02,"(1000 60 KG BAGS)",850.0000
0711100,"Coffee, Green",VM,"Vietnam",2025,2026,07,020,"Beginning Stocks",02,"(1000 60 KG BAGS)",1089.0000
0711100,"Coffee, Green",VM,"Vietnam",2025,2026,07,125,"Domestic Consumption",02,"(1000 60 KG BAGS)",4900.0000
0711100,"Coffee, Green",VM,"Vietnam",2025,2026,07,176,"Ending Stocks",02,"(1000 60 KG BAGS)",689.0000
0711100,"Coffee, Green",VM,"Vietnam",2025,2026,07,088,"Exports",02,"(1000 60 KG BAGS)",28500.0000
0711100,"Coffee, Green",VM,"Vietnam",2025,2026,07,057,"Imports",02,"(1000 60 KG BAGS)",1300.0000
0711100,"Coffee, Green",VM,"Vietnam",2025,2026,07,056,"Other Production",02,"(1000 60 KG BAGS)",0.0000
0711100,"Coffee, Green",VM,"Vietnam",2025,2026,07,028,"Production",02,"(1000 60 KG BAGS)",31700.0000
0711100,"Coffee, Green",VM,"Vietnam",2025,2026,07,107,"Roast & Ground Exports",02,"(1000 60 KG BAGS)",700.0000
0711100,"Coffee, Green",VM,"Vietnam",2025,2026,07,075,"Roast & Ground Imports",02,"(1000 60 KG BAGS)",250.0000
0711100,"Coffee, Green",VM,"Vietnam",2025,2026,07,053,"Robusta Production",02,"(1000 60 KG BAGS)",30500.0000
0711100,"Coffee, Green",VM,"Vietnam",2025,2026,07,141,"Rst,Ground Dom. Consum",02,"(1000 60 KG BAGS)",3400.0000
0711100,"Coffee, Green",VM,"Vietnam",2025,2026,07,154,"Soluble Dom. Cons.",02,"(1000 60 KG BAGS)",1500.0000
0711100,"Coffee, Green",VM,"Vietnam",2025,2026,07,114,"Soluble Exports",02,"(1000 60 KG BAGS)",2700.0000
0711100,"Coffee, Green",VM,"Vietnam",2025,2026,07,082,"Soluble Imports",02,"(1000 60 KG BAGS)",200.0000
0711100,"Coffee, Green",VM,"Vietnam",2025,2026,07,178,"Total Distribution",02,"(1000 60 KG BAGS)",34089.0000
0711100,"Coffee, Green",VM,"Vietnam",2025,2026,07,086,"Total Supply",02,"(1000 60 KG BAGS)",34089.0000
0711100,"Coffee, Green",VM,"Vietnam",2026,2026,07,029,"Arabica Production",02,"(1000 60 KG BAGS)",1100.0000
0711100,"Coffee, Green",VM,"Vietnam",2026,2026,07,090,"Bean Exports",02,"(1000 60 KG BAGS)",25400.0000
0711100,"Coffee, Green",VM,"Vietnam",2026,2026,07,058,"Bean Imports",02,"(1000 60 KG BAGS)",800.0000
0711100,"Coffee, Green",VM,"Vietnam",2026,2026,07,020,"Beginning Stocks",02,"(1000 60 KG BAGS)",689.0000
0711100,"Coffee, Green",VM,"Vietnam",2026,2026,07,125,"Domestic Consumption",02,"(1000 60 KG BAGS)",5000.0000
0711100,"Coffee, Green",VM,"Vietnam",2026,2026,07,176,"Ending Stocks",02,"(1000 60 KG BAGS)",489.0000
0711100,"Coffee, Green",VM,"Vietnam",2026,2026,07,088,"Exports",02,"(1000 60 KG BAGS)",28950.0000
0711100,"Coffee, Green",VM,"Vietnam",2026,2026,07,057,"Imports",02,"(1000 60 KG BAGS)",1250.0000
0711100,"Coffee, Green",VM,"Vietnam",2026,2026,07,056,"Other Production",02,"(1000 60 KG BAGS)",0.0000
0711100,"Coffee, Green",VM,"Vietnam",2026,2026,07,028,"Production",02,"(1000 60 KG BAGS)",32500.0000
0711100,"Coffee, Green",VM,"Vietnam",2026,2026,07,107,"Roast & Ground Exports",02,"(1000 60 KG BAGS)",750.0000
0711100,"Coffee, Green",VM,"Vietnam",2026,2026,07,075,"Roast & Ground Imports",02,"(1000 60 KG BAGS)",250.0000
0711100,"Coffee, Green",VM,"Vietnam",2026,2026,07,053,"Robusta Production",02,"(1000 60 KG BAGS)",31400.0000
0711100,"Coffee, Green",VM,"Vietnam",2026,2026,07,141,"Rst,Ground Dom. Consum",02,"(1000 60 KG BAGS)",3450.0000
0711100,"Coffee, Green",VM,"Vietnam",2026,2026,07,154,"Soluble Dom. Cons.",02,"(1000 60 KG BAGS)",1550.0000
0711100,"Coffee, Green",VM,"Vietnam",2026,2026,07,114,"Soluble Exports",02,"(1000 60 KG BAGS)",2800.0000
0711100,"Coffee, Green",VM,"Vietnam",2026,2026,07,082,"Soluble Imports",02,"(1000 60 KG BAGS)",200.0000
0711100,"Coffee, Green",VM,"Vietnam",2026,2026,07,178,"Total Distribution",02,"(1000 60 KG BAGS)",34439.0000
0711100,"Coffee, Green",VM,"Vietnam",2026,2026,07,086,"Total Supply",02,"(1000 60 KG BAGS)",34439.0000
